2024-01-04 15:29:29,1,2282.1,3.12591726,0_ask
2024-01-04 15:29:29,792,2281.8,1.617,0_bid
2024-01-04 15:29:30,1,2281.9,0.81035166,0_ask
2024-01-04 15:29:30,792,2281.8,0.46157485,0_bid
2024-01-04 15:29:31,1,2281.9,1.371,0_ask
2024-01-04 15:29:31,778,2281.8,2.22071219,0_bid
2024-01-04 15:29:32,1,2281.9,9.18894,0_ask
2024-01-04 15:29:32,792,2281.8,1.219e-05,0_bid
2024-01-04 15:29:33,1,2282.2,5.202622,0_ask
2024-01-04 15:29:33,790,2281.8,2.7782439,0_bid
2024-01-04 15:29:34,1,2281.1,2.24160007,0_ask
2024-01-04 15:29:34,768,2280.9,2.8382482499999995,0_bid
2024-01-04 15:29:35,1,2281.1,4.501925979999999,0_ask
2024-01-04 15:29:35,781,2280.7,0.95352836,0_bid
2024-01-04 15:29:36,1,2281.2,1.125,0_ask
2024-01-04 15:29:36,784,2280.8,0.21745363,0_bid
2024-01-04 15:29:37,1,2280.8,1.23653053,0_ask
2024-01-04 15:29:37,781,2280.7,0.95,0_bid
2024-01-04 15:29:38,1,2281.1,13.97467997,0_ask
2024-01-04 15:29:38,779,2280.7,1.87911666,0_bid
2024-01-04 15:29:39,1,2280.6,3.98720142,0_ask
2024-01-04 15:29:39,779,2280.5,7.74e-06,0_bid
2024-01-04 15:29:40,0,2280.3,0.24389992,0_ask
2024-01-04 15:29:40,776,2280.2,2.37970355,0_bid
2024-01-04 15:29:41,1,2281.1,9.05063502,0_ask
2024-01-04 15:29:41,774,2280.7,3.09494607,0_bid
2024-01-04 15:29:42,1,2280.6,4.97254,0_ask
2024-01-04 15:29:42,775,2280.0,10.12066347,0_bid
2024-01-04 15:29:43,1,2280.8,7.76713403,0_ask
2024-01-04 15:29:43,776,2280.5,0.26408899,0_bid
2024-01-04 15:29:44,1,2281.3,3.18058487,0_ask
2024-01-04 15:29:44,783,2280.9,0.24958085,0_bid
2024-01-04 15:29:45,1,2281.1,0.37645021,0_ask
2024-01-04 15:29:45,766,2280.8,2.02467551,0_bid
2024-01-04 15:29:46,1,2281.4,0.87906126,0_ask
2024-01-04 15:29:46,771,2281.2,0.26427457,0_bid
2024-01-04 15:29:47,1,2281.4,0.56345021,0_ask
2024-01-04 15:29:47,761,2281.1,0.26257566,0_bid
2024-01-04 15:29:48,1,2280.8,1.9666932,0_ask
2024-01-04 15:29:48,780,2280.4,0.50270106,0_bid
2024-01-04 15:29:49,1,2280.5,0.42713617,0_ask
2024-01-04 15:29:49,777,2280.1,0.58361902,0_bid
2024-01-04 15:29:50,1,2280.2,0.0006,0_ask
2024-01-04 15:29:50,777,2280.1,0.45135491,0_bid
2024-01-04 15:29:51,1,2280.7,0.09777451,0_ask
2024-01-04 15:29:51,776,2280.4,0.30222549,0_bid
2024-01-04 15:29:52,1,2280.8,1.5249,0_ask
2024-01-04 15:29:52,762,2280.3,2.36579593,0_bid
2024-01-04 15:29:53,1,2280.4,0.0006,0_ask
2024-01-04 15:29:53,770,2280.3,3.24176089,0_bid
2024-01-04 15:29:54,1,2280.4,0.0006,0_ask
2024-01-04 15:29:54,775,2280.3,1.44935013,0_bid
2024-01-04 15:29:55,1,2280.4,0.0006,0_ask
2024-01-04 15:29:55,770,2280.3,0.85700013,0_bid
2024-01-04 15:29:56,1,2280.4,0.0006,0_ask
2024-01-04 15:29:56,762,2280.3,2.29994324,0_bid
2024-01-04 15:29:57,1,2280.4,0.00994274,0_ask
2024-01-04 15:29:57,775,2280.3,2.29994324,0_bid
2024-01-04 15:29:58,1,2280.6,5.18481373,0_ask
2024-01-04 15:29:58,762,2280.4,1.5,0_bid
2024-01-04 15:29:59,1,2281.1,8.76795341,0_ask
2024-01-04 15:29:59,769,2281.0,0.8706,0_bid
2024-01-04 15:30:00,1,2281.3,6.60731285,0_ask
2024-01-04 15:30:00,771,2281.2,4.5470945,0_bid
2024-01-04 15:30:01,1,2280.9,1.69122998,0_ask
2024-01-04 15:30:01,771,2280.4,0.90270194,0_bid
2024-01-04 15:30:02,1,2280.7,0.06350846,0_ask
2024-01-04 15:30:02,764,2280.6,8.56353667,0_bid
2024-01-04 15:30:03,1,2280.7,0.02009953,0_ask
2024-01-04 15:30:03,755,2280.4,2.34337455,0_bid
2024-01-04 15:30:04,1,2281.6,0.81381616,0_ask
2024-01-04 15:30:04,754,2281.3,0.587,0_bid
2024-01-04 15:30:05,1,2280.8,4.36776,0_ask
2024-01-04 15:30:05,783,2280.7,3.564e-05,0_bid
2024-01-04 15:30:06,1,2280.8,6.14427457,0_ask
2024-01-04 15:30:06,768,2280.4,0.4,0_bid
2024-01-04 15:30:07,1,2280.9,0.51653108,0_ask
2024-01-04 15:30:07,763,2280.4,3.67713447,0_bid
2024-01-04 15:30:08,1,2280.7,1.67792397,0_ask
2024-01-04 15:30:08,755,2280.4,1.17060035,0_bid
2024-01-04 15:30:09,1,2280.7,8.738004799999999,0_ask
2024-01-04 15:30:09,762,2280.6,3.51e-06,0_bid
2024-01-04 15:30:10,1,2280.7,1.67792397,0_ask
2024-01-04 15:30:10,753,2280.6,0.18700351,0_bid
2024-01-04 15:30:11,1,2280.4,0.187,0_ask
2024-01-04 15:30:11,774,2280.3,9.76e-06,0_bid
2024-01-04 15:30:12,1,2280.5,0.31574931,0_ask
2024-01-04 15:30:12,766,2280.2,2.19277793,0_bid
2024-01-04 15:30:13,1,2280.6,3.54585241,0_ask
2024-01-04 15:30:13,775,2280.1,0.45011924,0_bid
2024-01-04 15:30:14,1,2280.3,3.13631705,0_ask
2024-01-04 15:30:14,778,2280.2,1.01e-06,0_bid
2024-01-04 15:30:15,1,2281.1,1.43419164,0_ask
2024-01-04 15:30:15,766,2280.7,1.18079939,0_bid
2024-01-04 15:30:16,1,2281.9,5.38748346,0_ask
2024-01-04 15:30:16,773,2281.4,2.14195837,0_bid
2024-01-04 15:30:17,1,2281.9,2.38211273,0_ask
2024-01-04 15:30:17,763,2281.8,0.26345438,0_bid
2024-01-04 15:30:18,1,2281.5,1.125,0_ask
2024-01-04 15:30:18,770,2281.1,0.52716814,0_bid
2024-01-04 15:30:19,1,2281.2,11.39678917,0_ask
2024-01-04 15:30:19,771,2281.1,7.08e-06,0_bid
2024-01-04 15:30:20,1,2281.2,4.009620610000001,0_ask
2024-01-04 15:30:20,762,2281.1,7.08e-06,0_bid
2024-01-04 15:30:21,1,2281.2,4.00969151,0_ask
2024-01-04 15:30:21,760,2281.1,0.26364026,0_bid
2024-01-04 15:30:22,1,2281.8,0.4,0_ask
2024-01-04 15:30:22,775,2281.6,0.57471643,0_bid
2024-01-04 15:30:23,1,2281.7,7.10515009,0_ask
2024-01-04 15:30:23,772,2281.6,0.26196084,0_bid
2024-01-04 15:30:24,1,2281.7,9.52853407,0_ask
2024-01-04 15:30:24,763,2281.6,0.26196084,0_bid
2024-01-04 15:30:25,1,2281.8,1.66378574,0_ask
2024-01-04 15:30:25,761,2281.6,0.26196084,0_bid
2024-01-04 15:30:26,1,2281.9,4.08161533,0_ask
2024-01-04 15:30:26,763,2281.6,0.44896084,0_bid
2024-01-04 15:30:27,1,2281.9,3.5111281300000003,0_ask
2024-01-04 15:30:27,766,2281.6,0.44896084,0_bid
2024-01-04 15:30:28,1,2281.7,6.653264200000001,0_ask
2024-01-04 15:30:28,783,2281.6,8.4e-07,0_bid
2024-01-04 15:30:29,1,2281.7,5.97471784,0_ask
2024-01-04 15:30:29,787,2281.6,8.4e-07,0_bid
2024-01-04 15:30:30,1,2281.8,6.19690333,0_ask
2024-01-04 15:30:30,765,2281.6,8.4e-07,0_bid
2024-01-04 15:30:31,1,2281.9,2.19118918,0_ask
2024-01-04 15:30:31,763,2281.8,1.20325264,0_bid
2024-01-04 15:30:32,1,2282.1,0.18255465,0_ask
2024-01-04 15:30:32,771,2282.0,0.26296783,0_bid
2024-01-04 15:30:33,1,2281.9,1.68184967,0_ask
2024-01-04 15:30:33,790,2281.5,2.26920883,0_bid
2024-01-04 15:30:34,1,2281.7,2.51480684,0_ask
2024-01-04 15:30:34,788,2281.2,10.10464914,0_bid
2024-01-04 15:30:35,1,2281.4,3.94795143,0_ask
2024-01-04 15:30:35,763,2281.3,0.26225009,0_bid
2024-01-04 15:30:36,1,2281.9,4.85680197,0_ask
2024-01-04 15:30:36,767,2281.6,0.587,0_bid
2024-01-04 15:30:37,1,2281.9,8.379718910000001,0_ask
2024-01-04 15:30:37,765,2281.8,5.71e-06,0_bid
2024-01-04 15:30:38,1,2281.9,0.58138618,0_ask
2024-01-04 15:30:38,764,2281.8,5.71e-06,0_bid
2024-01-04 15:30:39,1,2282.5,1.42392265,0_ask
2024-01-04 15:30:39,792,2282.1,2.23654438,0_bid
2024-01-04 15:30:40,1,2282.4,0.90953881,0_ask
2024-01-04 15:30:40,795,2282.0,6.0218454,0_bid
2024-01-04 15:30:41,1,2282.3,1.012034,0_ask
2024-01-04 15:30:41,788,2282.1,0.26178142,0_bid
2024-01-04 15:30:42,1,2282.2,7.92741354,0_ask
2024-01-04 15:30:42,785,2282.1,0.26178142,0_bid
2024-01-04 15:30:43,1,2282.3,2.1907826,0_ask
2024-01-04 15:30:43,773,2282.2,3.18894865,0_bid
2024-01-04 15:30:44,1,2282.2,5.24269,0_ask
2024-01-04 15:30:44,772,2282.1,0.25370446,0_bid
2024-01-04 15:30:45,1,2281.9,0.37503536,0_ask
2024-01-04 15:30:45,775,2281.6,6.65789511,0_bid
2024-01-04 15:30:46,1,2282.0,2.77199353,0_ask
2024-01-04 15:30:46,792,2281.8,0.8197246300000001,0_bid
2024-01-04 15:30:47,1,2281.4,0.6471297300000001,0_ask
2024-01-04 15:30:47,787,2281.1,7.149922780000001,0_bid
2024-01-04 15:30:48,1,2282.2,2.0946571,0_ask
2024-01-04 15:30:48,785,2281.8,1.8357661,0_bid
2024-01-04 15:30:49,1,2282.2,4.67647242,0_ask
2024-01-04 15:30:49,763,2282.0,2.02909644,0_bid
2024-01-04 15:30:50,1,2282.4,5.259366249999999,0_ask
2024-01-04 15:30:50,756,2282.3,0.18760524,0_bid
2024-01-04 15:30:51,1,2282.1,1.22343021,0_ask
2024-01-04 15:30:51,764,2281.7,4.56646002,0_bid
2024-01-04 15:30:52,1,2282.4,3.57382064,0_ask
2024-01-04 15:30:52,763,2282.2,0.48147237,0_bid
2024-01-04 15:30:53,1,2282.4,2.30376286,0_ask
2024-01-04 15:30:53,764,2282.3,0.0006,0_bid
2024-01-04 15:30:54,1,2282.9,3.81119172,0_ask
2024-01-04 15:30:54,771,2282.5,0.53806642,0_bid
2024-01-04 15:30:55,1,2283.1,12.47367566,0_ask
2024-01-04 15:30:55,777,2282.7,1.11190545,0_bid
2024-01-04 15:30:56,1,2283.6,1.51818376,0_ask
2024-01-04 15:30:56,790,2283.1,0.44317054,0_bid
2024-01-04 15:30:57,1,2284.0,3.67831004,0_ask
2024-01-04 15:30:57,778,2283.5,1.1660211500000002,0_bid
2024-01-04 15:30:58,1,2283.5,2.00287025,0_ask
2024-01-04 15:30:58,797,2283.0,0.587,0_bid
2024-01-04 15:30:59,0,2283.5,0.74069376,0_ask
2024-01-04 15:30:59,802,2283.1,1.67612368,0_bid
2024-01-04 15:31:00,1,2283.6,9.84678157,0_ask
2024-01-04 15:31:00,797,2283.0,4.31548886,0_bid
2024-01-04 15:31:01,1,2283.8,4.8665843,0_ask
2024-01-04 15:31:01,798,2283.4,0.29647629,0_bid
2024-01-04 15:31:02,1,2283.6,0.61896204,0_ask
2024-01-04 15:31:02,800,2283.3,0.52,0_bid
2024-01-04 15:31:03,1,2283.4,0.57465491,0_ask
2024-01-04 15:31:03,797,2283.0,0.04434133,0_bid
2024-01-04 15:31:04,1,2283.7,6.98852004,0_ask
2024-01-04 15:31:04,803,2283.1,3.94985427,0_bid
2024-01-04 15:31:05,1,2284.0,6.95511789,0_ask
2024-01-04 15:31:05,794,2283.6,0.93729033,0_bid
2024-01-04 15:31:06,1,2283.4,0.72546,0_ask
2024-01-04 15:31:06,804,2283.0,0.6415422399999999,0_bid
2024-01-04 15:31:07,1,2283.2,0.9,0_ask
2024-01-04 15:31:07,799,2282.8,2.60917565,0_bid
2024-01-04 15:31:08,1,2282.9,0.4,0_ask
2024-01-04 15:31:08,783,2282.4,2.3782909,0_bid
2024-01-04 15:31:09,1,2282.2,0.53147025,0_ask
2024-01-04 15:31:09,805,2281.8,0.25,0_bid
2024-01-04 15:31:10,1,2281.9,5.7057794,0_ask
2024-01-04 15:31:10,798,2281.8,0.25,0_bid
2024-01-04 15:31:11,1,2282.1,1.0,0_ask
2024-01-04 15:31:11,790,2281.8,3.11122215,0_bid
2024-01-04 15:31:12,1,2282.8,4.921952419999999,0_ask
2024-01-04 15:31:12,758,2282.7,0.26198669,0_bid
2024-01-04 15:31:13,1,2282.4,4.31749952,0_ask
2024-01-04 15:31:13,777,2281.8,7.448972879999999,0_bid
2024-01-04 15:31:14,1,2282.5,1.444,0_ask
2024-01-04 15:31:14,769,2282.0,1.57027,0_bid
2024-01-04 15:31:15,1,2282.6,5.695317210000001,0_ask
2024-01-04 15:31:15,780,2282.2,0.61906656,0_bid
2024-01-04 15:31:16,1,2282.5,12.0420148,0_ask
2024-01-04 15:31:16,788,2282.1,0.00333411,0_bid
2024-01-04 15:31:17,1,2282.0,10.44858048,0_ask
2024-01-04 15:31:17,806,2281.6,1.02620883,0_bid
2024-01-04 15:31:18,1,2281.6,2.19148635,0_ask
2024-01-04 15:31:18,775,2281.1,3.23301336,0_bid
2024-01-04 15:31:19,1,2282.5,6.97455224,0_ask
2024-01-04 15:31:19,767,2282.0,0.82799654,0_bid
2024-01-04 15:31:20,1,2282.1,2.81581083,0_ask
2024-01-04 15:31:20,767,2281.7,1.06905292,0_bid
2024-01-04 15:31:21,1,2281.5,0.8061684699999999,0_ask
2024-01-04 15:31:21,776,2281.2,2.37877604,0_bid
2024-01-04 15:31:22,1,2281.5,2.63877121,0_ask
2024-01-04 15:31:22,773,2281.4,0.26312117,0_bid
2024-01-04 15:31:23,1,2281.0,0.50960977,0_ask
2024-01-04 15:31:23,793,2280.6,2.37935319,0_bid
2024-01-04 15:31:24,1,2280.7,7.256361379999999,0_ask
2024-01-04 15:31:24,777,2280.3,1.4146896400000002,0_bid
2024-01-04 15:31:25,1,2280.6,10.65333043,0_ask
2024-01-04 15:31:25,780,2280.5,5.96e-06,0_bid
2024-01-04 15:31:26,1,2280.5,3.69657396,0_ask
2024-01-04 15:31:26,761,2280.2,0.49049806,0_bid
2024-01-04 15:31:27,1,2280.4,2.41194602,0_ask
2024-01-04 15:31:27,760,2280.1,2.09249476,0_bid
2024-01-04 15:31:28,1,2280.5,0.48562433,0_ask
2024-01-04 15:31:28,775,2280.1,3.63786094,0_bid
2024-01-04 15:31:29,1,2280.7,3.18754079,0_ask
2024-01-04 15:31:29,760,2280.1,1.09663242,0_bid
2024-01-04 15:31:30,1,2280.4,8.00407032,0_ask
2024-01-04 15:31:30,752,2280.3,0.26229309,0_bid
2024-01-04 15:31:31,1,2280.7,12.36193571,0_ask
2024-01-04 15:31:31,754,2280.3,0.5572509299999999,0_bid
2024-01-04 15:31:32,1,2280.4,3.61786551,0_ask
2024-01-04 15:31:32,759,2280.3,0.26062343,0_bid
2024-01-04 15:31:33,1,2280.8,6.29476565,0_ask
2024-01-04 15:31:33,774,2280.2,0.4,0_bid
2024-01-04 15:31:34,1,2280.9,1.70961841,0_ask
2024-01-04 15:31:34,781,2280.7,0.26226918,0_bid
2024-01-04 15:31:35,1,2281.4,6.08419226,0_ask
2024-01-04 15:31:35,768,2281.0,1.77959173,0_bid
2024-01-04 15:31:36,1,2281.9,0.00065765,0_ask
2024-01-04 15:31:36,765,2281.5,0.69656592,0_bid
2024-01-04 15:31:37,1,2282.0,10.45169174,0_ask
2024-01-04 15:31:37,769,2281.9,0.26386424,0_bid
2024-01-04 15:31:38,1,2282.0,0.18558754,0_ask
2024-01-04 15:31:38,760,2281.9,0.26386424,0_bid
2024-01-04 15:31:39,1,2281.9,0.19550805,0_ask
2024-01-04 15:31:39,760,2281.7,0.587,0_bid
2024-01-04 15:31:40,1,2282.5,2.19063297,0_ask
2024-01-04 15:31:40,779,2282.1,0.69968809,0_bid
2024-01-04 15:31:41,0,2283.0,0.90589913,0_ask
2024-01-04 15:31:41,777,2282.7,3.85202586,0_bid
2024-01-04 15:31:42,1,2283.6,9.04609676,0_ask
2024-01-04 15:31:42,781,2283.1,0.80592371,0_bid
2024-01-04 15:31:43,1,2283.6,2.596,0_ask
2024-01-04 15:31:43,770,2282.9,0.187,0_bid
2024-01-04 15:31:44,1,2282.9,3.0146091100000003,0_ask
2024-01-04 15:31:44,774,2282.3,2.6411363,0_bid
2024-01-04 15:31:45,1,2283.1,0.26246945,0_ask
2024-01-04 15:31:45,769,2282.8,0.587,0_bid
2024-01-04 15:31:46,1,2283.3,2.01055312,0_ask
2024-01-04 15:31:46,765,2282.9,0.82790491,0_bid
2024-01-04 15:31:47,1,2283.3,1.70949799,0_ask
2024-01-04 15:31:47,765,2283.2,0.26380686,0_bid
2024-01-04 15:31:48,1,2283.2,0.60000008,0_ask
2024-01-04 15:31:48,774,2282.9,0.587,0_bid
2024-01-04 15:31:49,1,2283.3,5.48920536,0_ask
2024-01-04 15:31:49,775,2283.2,0.0006,0_bid
2024-01-04 15:31:50,1,2283.3,9.18695528,0_ask
2024-01-04 15:31:50,768,2282.7,1.09650504,0_bid
2024-01-04 15:31:51,1,2283.3,8.75941027,0_ask
2024-01-04 15:31:51,769,2283.2,0.11629795,0_bid
2024-01-04 15:31:52,1,2282.5,2.19064768,0_ask
2024-01-04 15:31:52,796,2282.4,1.2105,0_bid
2024-01-04 15:31:53,0,2282.5,0.39956199,0_ask
2024-01-04 15:31:53,792,2282.1,2.54839348,0_bid
2024-01-04 15:31:54,1,2282.5,1.60000005,0_ask
2024-01-04 15:31:54,788,2282.4,1.85266907,0_bid
2024-01-04 15:31:55,1,2283.2,7.06110812,0_ask
2024-01-04 15:31:55,769,2282.8,2.03039102,0_bid
2024-01-04 15:31:56,1,2283.2,2.19137736,0_ask
2024-01-04 15:31:56,767,2283.0,1.537,0_bid
2024-01-04 15:31:57,1,2283.1,0.39956199,0_ask
2024-01-04 15:31:57,763,2282.7,5.181146480000001,0_bid
2024-01-04 15:31:58,1,2282.9,4.38043172,0_ask
2024-01-04 15:31:58,769,2282.8,1.62347973,0_bid
2024-01-04 15:31:59,1,2282.6,0.39956199,0_ask
2024-01-04 15:31:59,765,2282.4,1.58665701,0_bid
2024-01-04 15:32:00,1,2282.8,5.69485225,0_ask
2024-01-04 15:32:00,762,2282.6,1.85366412,0_bid
2024-01-04 15:32:01,1,2282.6,2.19054532,0_ask
2024-01-04 15:32:01,771,2282.4,1.85409539,0_bid
2024-01-04 15:32:02,1,2282.7,8.73255558,0_ask
2024-01-04 15:32:02,773,2282.6,1.257,0_bid
2024-01-04 15:32:03,1,2282.6,5.80576318,0_ask
2024-01-04 15:32:03,765,2282.4,1.51563339,0_bid
2024-01-04 15:32:04,1,2282.3,3.50529334,0_ask
2024-01-04 15:32:04,780,2282.1,0.98314858,0_bid
2024-01-04 15:32:05,1,2283.2,2.19137736,0_ask
2024-01-04 15:32:05,760,2283.1,2.92348728,0_bid
2024-01-04 15:32:06,1,2283.2,0.5095036000000001,0_ask
2024-01-04 15:32:06,775,2282.8,3.86570297,0_bid
2024-01-04 15:32:07,1,2284.0,8.261105579999999,0_ask
2024-01-04 15:32:07,779,2283.4,1.82884545,0_bid
2024-01-04 15:32:08,1,2284.0,10.5984107,0_ask
2024-01-04 15:32:08,790,2283.9,1.624,0_bid
2024-01-04 15:32:09,1,2284.0,8.881234150000001,0_ask
2024-01-04 15:32:09,788,2283.9,1.96,0_bid
2024-01-04 15:32:10,1,2284.0,2.27409978,0_ask
2024-01-04 15:32:10,772,2283.5,1.9344684,0_bid
2024-01-04 15:32:11,1,2283.9,4.37185306,0_ask
2024-01-04 15:32:11,773,2283.7,0.7515,0_bid
2024-01-04 15:32:12,1,2284.3,0.61559,0_ask
2024-01-04 15:32:12,775,2283.9,1.35366517,0_bid
2024-01-04 15:32:13,1,2284.4,2.138,0_ask
2024-01-04 15:32:13,779,2284.3,1.2375,0_bid
2024-01-04 15:32:14,1,2284.4,2.18884166,0_ask
2024-01-04 15:32:14,789,2284.2,0.58642171,0_bid
2024-01-04 15:32:15,0,2285.3,2.8961124,0_ask
2024-01-04 15:32:15,798,2284.7,2.9365229700000004,0_bid
2024-01-04 15:32:16,1,2285.2,2.30156,0_ask
2024-01-04 15:32:16,782,2285.1,1.94067065,0_bid
2024-01-04 15:32:17,1,2285.5,0.26144255,0_ask
2024-01-04 15:32:17,780,2285.4,0.2624727,0_bid
2024-01-04 15:32:18,1,2285.1,0.90628303,0_ask
2024-01-04 15:32:18,809,2285.0,0.262828,0_bid
2024-01-04 15:32:19,1,2285.0,0.53298262,0_ask
2024-01-04 15:32:19,803,2284.7,0.80583326,0_bid
2024-01-04 15:32:20,0,2284.8,1.72617,0_ask
2024-01-04 15:32:20,820,2284.5,1.50909292,0_bid
2024-01-04 15:32:21,1,2284.7,0.19161272,0_ask
2024-01-04 15:32:21,805,2284.6,0.26267312,0_bid
2024-01-04 15:32:22,1,2285.4,2.50521715,0_ask
2024-01-04 15:32:22,808,2284.9,0.8030432700000001,0_bid
2024-01-04 15:32:23,1,2285.4,2.1480765,0_ask
2024-01-04 15:32:23,800,2285.3,0.26207024,0_bid
2024-01-04 15:32:24,1,2285.2,0.31509088,0_ask
2024-01-04 15:32:24,799,2284.9,1.55561382,0_bid
2024-01-04 15:32:25,0,2285.3,2.18790517,0_ask
2024-01-04 15:32:25,800,2285.1,5.46e-06,0_bid
2024-01-04 15:32:26,1,2285.8,0.00787091,0_ask
2024-01-04 15:32:26,813,2285.5,1.75367065,0_bid
2024-01-04 15:32:27,1,2286.4,4.6812104,0_ask
2024-01-04 15:32:27,807,2286.0,0.187,0_bid
2024-01-04 15:32:28,1,2286.3,7.55194192,0_ask
2024-01-04 15:32:28,818,2285.8,0.7081658799999999,0_bid
2024-01-04 15:32:29,1,2286.9,3.43219,0_ask
2024-01-04 15:32:29,801,2286.5,0.6895483,0_bid
2024-01-04 15:32:30,1,2287.0,6.49240979,0_ask
2024-01-04 15:32:30,803,2286.9,0.2636177,0_bid
2024-01-04 15:32:31,1,2287.0,2.77688713,0_ask
2024-01-04 15:32:31,810,2286.9,0.2636177,0_bid
2024-01-04 15:32:32,1,2286.4,0.32486,0_ask
2024-01-04 15:32:32,822,2286.3,0.44918815,0_bid
2024-01-04 15:32:33,1,2286.8,6.42201563,0_ask
2024-01-04 15:32:33,812,2286.7,0.0006,0_bid
2024-01-04 15:32:34,1,2285.7,0.3588,0_ask
2024-01-04 15:32:34,813,2285.4,0.35622309,0_bid
2024-01-04 15:32:35,1,2285.9,0.46817773,0_ask
2024-01-04 15:32:35,812,2285.4,1.1224989799999998,0_bid
2024-01-04 15:32:36,1,2286.1,0.2187396999999999,0_ask
2024-01-04 15:32:36,820,2285.6,1.312,0_bid
2024-01-04 15:32:37,1,2285.8,2.04356392,0_ask
2024-01-04 15:32:37,814,2285.4,2.5557672,0_bid
2024-01-04 15:32:38,1,2285.2,1.15078,0_ask
2024-01-04 15:32:38,823,2285.1,1.54584074,0_bid
2024-01-04 15:32:39,1,2284.6,3.71365192,0_ask
2024-01-04 15:32:39,812,2284.1,4.88184231,0_bid
2024-01-04 15:32:40,1,2284.5,2.59502444,0_ask
2024-01-04 15:32:40,801,2284.2,5.33472567,0_bid
2024-01-04 15:32:41,1,2284.5,3.65108737,0_ask
2024-01-04 15:32:41,790,2283.9,11.914359869999998,0_bid
2024-01-04 15:32:42,1,2284.5,0.21888872,0_ask
2024-01-04 15:32:42,793,2284.2,0.26374732,0_bid
2024-01-04 15:32:43,1,2284.1,1.34369754,0_ask
2024-01-04 15:32:43,808,2283.6,0.98573762,0_bid
2024-01-04 15:32:44,1,2284.1,1.018237,0_ask
2024-01-04 15:32:44,795,2283.6,3.34436461,0_bid
2024-01-04 15:32:45,1,2283.8,0.13361562,0_ask
2024-01-04 15:32:45,808,2283.3,2.82282612,0_bid
2024-01-04 15:32:46,1,2283.6,0.82923497,0_ask
2024-01-04 15:32:46,807,2283.3,0.45338438,0_bid
2024-01-04 15:32:47,1,2284.0,0.50362278,0_ask
2024-01-04 15:32:47,794,2283.5,0.6189327,0_bid
2024-01-04 15:32:48,1,2283.2,3.3407702,0_ask
2024-01-04 15:32:48,807,2283.1,1.75,0_bid
2024-01-04 15:32:49,0,2282.5,6.45193,0_ask
2024-01-04 15:32:49,815,2282.4,0.34116479,0_bid
2024-01-04 15:32:50,0,2282.3,9.13686978,0_ask
2024-01-04 15:32:50,786,2282.2,0.26405254,0_bid
2024-01-04 15:32:51,1,2282.4,1.58988981,0_ask
2024-01-04 15:32:51,781,2282.2,0.26405254,0_bid
2024-01-04 15:32:52,1,2282.6,0.69229116,0_ask
2024-01-04 15:32:52,784,2282.0,18.3126725,0_bid
2024-01-04 15:32:53,1,2282.9,5.344256,0_ask
2024-01-04 15:32:53,785,2282.6,0.26367778,0_bid
2024-01-04 15:32:54,1,2283.0,1.09142847,0_ask
2024-01-04 15:32:54,774,2282.3,1.82152314,0_bid
2024-01-04 15:32:55,1,2283.2,2.3769521,0_ask
2024-01-04 15:32:55,765,2282.9,0.21899249,0_bid
2024-01-04 15:32:56,1,2283.5,0.6,0_ask
2024-01-04 15:32:56,765,2283.1,8.68959962,0_bid
2024-01-04 15:32:57,1,2283.7,0.4,0_ask
2024-01-04 15:32:57,775,2283.2,1.54431854,0_bid
2024-01-04 15:32:58,1,2283.6,0.587,0_ask
2024-01-04 15:32:58,782,2283.2,0.21896794,0_bid
2024-01-04 15:32:59,1,2283.4,4.54947,0_ask
2024-01-04 15:32:59,780,2283.3,0.26330797,0_bid
2024-01-04 15:33:00,1,2283.7,0.4,0_ask
2024-01-04 15:33:00,776,2283.3,0.48227409,0_bid
2024-01-04 15:33:01,0,2283.0,4.02216358,0_ask
2024-01-04 15:33:01,774,2282.9,5.372e-05,0_bid
2024-01-04 15:33:02,1,2282.9,4.42216838,0_ask
2024-01-04 15:33:02,762,2282.5,1.46162141,0_bid
2024-01-04 15:33:03,1,2282.9,0.8060388599999999,0_ask
2024-01-04 15:33:03,754,2282.5,1.46162136,0_bid
2024-01-04 15:33:04,1,2283.1,3.60481279,0_ask
2024-01-04 15:33:04,760,2282.6,0.11180554,0_bid
2024-01-04 15:33:05,1,2283.6,0.47318698,0_ask
2024-01-04 15:33:05,767,2283.1,0.6936888800000001,0_bid
2024-01-04 15:33:06,1,2283.2,0.98561034,0_ask
2024-01-04 15:33:06,767,2282.6,0.5842,0_bid
2024-01-04 15:33:07,1,2282.5,0.50954316,0_ask
2024-01-04 15:33:07,795,2282.0,0.48296205,0_bid
2024-01-04 15:33:08,1,2282.7,1.19653457,0_ask
2024-01-04 15:33:08,785,2282.6,9.41e-05,0_bid
2024-01-04 15:33:09,1,2282.7,0.50953117,0_ask
2024-01-04 15:33:09,793,2282.6,9.41e-05,0_bid
2024-01-04 15:33:10,1,2282.0,1.6967500000000002,0_ask
2024-01-04 15:33:10,794,2281.8,7.358169360000001,0_bid
2024-01-04 15:33:11,1,2282.7,1.40620883,0_ask
2024-01-04 15:33:11,779,2282.0,2.5891494,0_bid
2024-01-04 15:33:12,1,2282.7,0.4382689899999999,0_ask
2024-01-04 15:33:12,768,2282.3,3.55351164,0_bid
2024-01-04 15:33:13,1,2283.8,0.98644127,0_ask
2024-01-04 15:33:13,778,2283.7,0.0144,0_bid
2024-01-04 15:33:14,1,2283.7,2.01664003,0_ask
2024-01-04 15:33:14,778,2283.1,6.006746290000001,0_bid
2024-01-04 15:33:15,1,2284.2,0.7378794399999999,0_ask
2024-01-04 15:33:15,766,2283.7,0.25504219,0_bid
2024-01-04 15:33:16,1,2283.6,2.76643402,0_ask
2024-01-04 15:33:16,775,2283.0,2.512,0_bid
2024-01-04 15:33:17,1,2283.6,0.6,0_ask
2024-01-04 15:33:17,777,2283.0,0.90242523,0_bid
2024-01-04 15:33:18,1,2283.6,0.80598664,0_ask
2024-01-04 15:33:18,786,2283.0,1.41747842,0_bid
2024-01-04 15:33:19,1,2283.4,0.4,0_ask
2024-01-04 15:33:19,776,2283.0,9.34145943,0_bid
2024-01-04 15:33:20,1,2283.6,2.239953,0_ask
2024-01-04 15:33:20,774,2283.1,1.65046243,0_bid
2024-01-04 15:33:21,1,2283.1,0.10951271,0_ask
2024-01-04 15:33:21,783,2282.5,1.41312185,0_bid
2024-01-04 15:33:22,1,2283.2,0.3723267,0_ask
2024-01-04 15:33:22,774,2282.7,0.959326,0_bid
2024-01-04 15:33:23,1,2283.1,1.0631,0_ask
2024-01-04 15:33:23,772,2282.6,0.4,0_bid
2024-01-04 15:33:24,1,2283.7,2.17969123,0_ask
2024-01-04 15:33:24,776,2283.3,0.4,0_bid
2024-01-04 15:33:25,1,2283.5,0.37107339,0_ask
2024-01-04 15:33:25,788,2282.9,1.80000008,0_bid
2024-01-04 15:33:26,1,2283.6,0.50948583,0_ask
2024-01-04 15:33:26,768,2283.2,0.26282353,0_bid
2024-01-04 15:33:27,1,2283.9,3.77407813,0_ask
2024-01-04 15:33:27,758,2283.6,0.26311023,0_bid
2024-01-04 15:33:28,1,2283.5,1.5528948,0_ask
2024-01-04 15:33:28,765,2282.9,0.9592909,0_bid
2024-01-04 15:33:29,1,2283.2,3.52620674,0_ask
2024-01-04 15:33:29,773,2282.8,0.50950505,0_bid
2024-01-04 15:33:30,1,2283.2,8.94566234,0_ask
2024-01-04 15:33:30,772,2283.1,5.296e-05,0_bid
2024-01-04 15:33:31,1,2283.2,3.0882067400000004,0_ask
2024-01-04 15:33:31,774,2283.1,5.296e-05,0_bid
2024-01-04 15:33:32,1,2283.4,1.7302088699999998,0_ask
2024-01-04 15:33:32,773,2282.7,0.41214762,0_bid
2024-01-04 15:33:33,1,2283.6,0.57938097,0_ask
2024-01-04 15:33:33,780,2283.3,0.69165717,0_bid
2024-01-04 15:33:34,1,2284.2,2.56596123,0_ask
2024-01-04 15:33:34,779,2283.8,0.187,0_bid
2024-01-04 15:33:35,0,2284.5,0.51246,0_ask
2024-01-04 15:33:35,772,2284.3,0.26327828,0_bid
2024-01-04 15:33:36,1,2284.2,14.23946405,0_ask
2024-01-04 15:33:36,786,2283.5,1.58937154,0_bid
2024-01-04 15:33:37,1,2283.4,0.50947126,0_ask
2024-01-04 15:33:37,787,2282.9,2.31673971,0_bid
2024-01-04 15:33:38,1,2283.2,0.58697374,0_ask
2024-01-04 15:33:38,786,2282.7,2.17831479,0_bid
2024-01-04 15:33:39,1,2283.3,6.07397,0_ask
2024-01-04 15:33:39,781,2283.2,0.26343142,0_bid
2024-01-04 15:33:40,1,2282.4,1.41243374,0_ask
2024-01-04 15:33:40,796,2282.2,2.4817718,0_bid
2024-01-04 15:33:41,1,2281.9,0.90807138,0_ask
2024-01-04 15:33:41,797,2281.7,1.26,0_bid
2024-01-04 15:33:42,1,2281.6,0.77111816,0_ask
2024-01-04 15:33:42,785,2281.4,0.48410462,0_bid
2024-01-04 15:33:43,1,2281.6,0.39561138,0_ask
2024-01-04 15:33:43,765,2281.4,0.2649442,0_bid
2024-01-04 15:33:44,0,2281.8,0.39561138,0_ask
2024-01-04 15:33:44,764,2281.4,2.41481931,0_bid
2024-01-04 15:33:45,1,2281.5,7.58488578,0_ask
2024-01-04 15:33:45,767,2281.1,0.18696423,0_bid
2024-01-04 15:33:46,1,2281.2,0.58261138,0_ask
2024-01-04 15:33:46,755,2280.6,1.77053523,0_bid
2024-01-04 15:33:47,1,2281.1,0.89561138,0_ask
2024-01-04 15:33:47,758,2280.9,0.11775779,0_bid
2024-01-04 15:33:48,1,2281.3,1.02688437,0_ask
2024-01-04 15:33:48,756,2280.9,0.30475779,0_bid
2024-01-04 15:33:49,1,2281.1,0.56561138,0_ask
2024-01-04 15:33:49,759,2280.9,0.11775779,0_bid
2024-01-04 15:33:50,1,2281.0,10.30142287,0_ask
2024-01-04 15:33:50,765,2280.9,7.79e-06,0_bid
2024-01-04 15:33:51,0,2280.5,0.56552461,0_ask
2024-01-04 15:33:51,761,2280.3,0.19947509,0_bid
2024-01-04 15:33:52,1,2280.1,5.73802461,0_ask
2024-01-04 15:33:52,759,2280.0,1.0,0_bid
2024-01-04 15:33:53,1,2280.0,1.48920883,0_ask
2024-01-04 15:33:53,750,2279.1,3.77784028,0_bid
2024-01-04 15:33:54,0,2280.0,0.38920883,0_ask
2024-01-04 15:33:54,743,2279.8,0.26383377,0_bid
2024-01-04 15:33:55,1,2279.8,0.5700000000000001,0_ask
2024-01-04 15:33:55,752,2279.3,0.40634392,0_bid
2024-01-04 15:33:56,1,2279.6,2.0238706,0_ask
2024-01-04 15:33:56,763,2279.1,0.23681945,0_bid
2024-01-04 15:33:57,1,2279.2,9.07689753,0_ask
2024-01-04 15:33:57,771,2279.1,0.01745425,0_bid
2024-01-04 15:33:58,0,2278.8,0.38371593,0_ask
2024-01-04 15:33:58,758,2278.4,3.36289139,0_bid
2024-01-04 15:33:59,1,2279.0,4.366776499999999,0_ask
2024-01-04 15:33:59,754,2278.7,0.26347511,0_bid
2024-01-04 15:34:00,0,2278.8,7.88888448,0_ask
2024-01-04 15:34:00,736,2278.7,0.26347511,0_bid
2024-01-04 15:34:01,1,2278.6,1.67871593,0_ask
2024-01-04 15:34:01,739,2278.0,3.80816514,0_bid
2024-01-04 15:34:02,1,2278.5,2.27,0_ask
2024-01-04 15:34:02,740,2278.2,3.00349778,0_bid
2024-01-04 15:34:03,1,2278.5,4.47320729,0_ask
2024-01-04 15:34:03,741,2278.2,0.26653549,0_bid
2024-01-04 15:34:04,1,2278.5,5.12696579,0_ask
2024-01-04 15:34:04,741,2278.2,0.26653549,0_bid
2024-01-04 15:34:05,1,2278.4,7.49286492,0_ask
2024-01-04 15:34:05,753,2278.2,0.26653549,0_bid
2024-01-04 15:34:06,1,2277.9,7.66673,0_ask
2024-01-04 15:34:06,737,2277.8,0.79105186,0_bid
2024-01-04 15:34:07,1,2278.3,0.57612979,0_ask
2024-01-04 15:34:07,723,2278.0,0.26255053,0_bid
2024-01-04 15:34:08,1,2278.8,3.73727641,0_ask
2024-01-04 15:34:08,760,2278.4,2.44451721,0_bid
2024-01-04 15:34:09,1,2278.7,0.37978304,0_ask
2024-01-04 15:34:09,748,2278.4,0.86479688,0_bid
2024-01-04 15:34:10,1,2278.8,2.36070172,0_ask
2024-01-04 15:34:10,733,2278.6,0.26368221,0_bid
2024-01-04 15:34:11,1,2278.9,4.13268196,0_ask
2024-01-04 15:34:11,737,2278.6,0.26368221,0_bid
2024-01-04 15:34:12,1,2278.7,5.84785734,0_ask
2024-01-04 15:34:12,742,2278.6,0.26368221,0_bid
2024-01-04 15:34:13,1,2279.2,0.86636444,0_ask
2024-01-04 15:34:13,748,2278.9,0.37141605,0_bid
2024-01-04 15:34:14,1,2279.2,0.00065838,0_ask
2024-01-04 15:34:14,747,2278.8,0.13163813,0_bid
2024-01-04 15:34:15,1,2279.7,0.54978304,0_ask
2024-01-04 15:34:15,729,2279.3,3.09861389,0_bid
2024-01-04 15:34:16,1,2280.9,2.25870815,0_ask
2024-01-04 15:34:16,733,2280.4,1.18559982,0_bid
2024-01-04 15:34:17,1,2280.1,1.39347102,0_ask
2024-01-04 15:34:17,753,2279.7,0.21920883,0_bid
2024-01-04 15:34:18,1,2280.5,1.12865436,0_ask
2024-01-04 15:34:18,738,2280.1,0.45012023,0_bid
2024-01-04 15:34:19,1,2279.6,0.37978304,0_ask
2024-01-04 15:34:19,768,2279.2,2.49566876,0_bid
2024-01-04 15:34:20,1,2279.5,2.33017759,0_ask
2024-01-04 15:34:20,747,2279.1,1.26600003,0_bid
2024-01-04 15:34:21,1,2280.2,4.47601959,0_ask
2024-01-04 15:34:21,749,2279.9,0.26302427,0_bid
2024-01-04 15:34:22,0,2280.5,0.77978304,0_ask
2024-01-04 15:34:22,748,2279.9,3.37600002,0_bid
2024-01-04 15:34:23,1,2280.5,3.07939182,0_ask
2024-01-04 15:34:23,736,2280.2,0.24523657,0_bid
2024-01-04 15:34:24,1,2280.5,2.32906981,0_ask
2024-01-04 15:34:24,734,2280.3,0.54530094,0_bid
2024-01-04 15:34:25,1,2280.5,2.14206981,0_ask
2024-01-04 15:34:25,746,2280.1,1.01893165,0_bid
2024-01-04 15:34:26,1,2280.9,1.2900090199999998,0_ask
2024-01-04 15:34:26,741,2280.5,8.34,0_bid
2024-01-04 15:34:27,1,2281.1,2.56741425,0_ask
2024-01-04 15:34:27,749,2280.8,0.26364734,0_bid
2024-01-04 15:34:28,1,2280.5,0.587,0_ask
2024-01-04 15:34:28,762,2280.2,1.21,0_bid
2024-01-04 15:34:29,1,2280.5,1.42064233,0_ask
2024-01-04 15:34:29,759,2280.0,5.517945,0_bid
2024-01-04 15:34:30,1,2280.6,0.32630666,0_ask
2024-01-04 15:34:30,750,2280.3,0.1956852,0_bid
2024-01-04 15:34:31,1,2280.7,3.21553663,0_ask
2024-01-04 15:34:31,752,2280.1,2.49286076,0_bid
2024-01-04 15:34:32,1,2279.2,9.55257103,0_ask
2024-01-04 15:34:32,772,2279.1,0.001,0_bid
2024-01-04 15:34:33,1,2279.2,9.38283243,0_ask
2024-01-04 15:34:33,766,2279.1,0.26548715,0_bid
2024-01-04 15:34:34,1,2279.2,6.82592,0_ask
2024-01-04 15:34:34,750,2279.1,0.26548715,0_bid
2024-01-04 15:34:35,1,2279.4,5.08275739,0_ask
2024-01-04 15:34:35,750,2279.1,0.26548715,0_bid
2024-01-04 15:34:36,1,2279.2,11.69265897,0_ask
2024-01-04 15:34:36,762,2279.1,0.26448715,0_bid
2024-01-04 15:34:37,1,2279.2,26.816322300000003,0_ask
2024-01-04 15:34:37,751,2279.1,7.15e-06,0_bid
2024-01-04 15:34:38,1,2279.2,13.9704499,0_ask
2024-01-04 15:34:38,765,2279.1,7.15e-06,0_bid
2024-01-04 15:34:39,1,2279.4,3.21601626,0_ask
2024-01-04 15:34:39,750,2279.1,0.1029674,0_bid
2024-01-04 15:34:40,1,2279.2,0.687,0_ask
2024-01-04 15:34:40,750,2279.1,0.0009674,0_bid
2024-01-04 15:34:41,0,2279.0,5.0688506,0_ask
2024-01-04 15:34:41,744,2278.5,1.85752007,0_bid
2024-01-04 15:34:42,1,2278.7,1.04607859,0_ask
2024-01-04 15:34:42,743,2278.4,1.372,0_bid
2024-01-04 15:34:43,1,2278.7,0.92274938,0_ask
2024-01-04 15:34:43,742,2278.3,0.76113217,0_bid
2024-01-04 15:34:44,1,2278.3,0.84648211,0_ask
2024-01-04 15:34:44,751,2277.9,0.1585809799999999,0_bid
2024-01-04 15:34:45,1,2278.4,0.19895324,0_ask
2024-01-04 15:34:45,754,2278.3,0.26289249,0_bid
2024-01-04 15:34:46,1,2278.5,2.50255017,0_ask
2024-01-04 15:34:46,742,2278.3,0.36489249,0_bid
2024-01-04 15:34:47,1,2278.7,2.37893936,0_ask
2024-01-04 15:34:47,733,2278.4,0.26009162,0_bid
2024-01-04 15:34:48,1,2278.6,0.187,0_ask
2024-01-04 15:34:48,726,2278.3,0.6519897800000001,0_bid
2024-01-04 15:34:49,1,2278.4,2.69391,0_ask
2024-01-04 15:34:49,726,2278.3,0.26289249,0_bid
2024-01-04 15:34:50,1,2278.4,12.28319464,0_ask
2024-01-04 15:34:50,724,2278.3,0.26289249,0_bid
2024-01-04 15:34:51,1,2278.2,1.24367736,0_ask
2024-01-04 15:34:51,730,2277.9,0.26009162,0_bid
2024-01-04 15:34:52,1,2278.2,0.51390838,0_ask
2024-01-04 15:34:52,725,2278.0,0.26358311,0_bid
2024-01-04 15:34:53,1,2278.3,2.49939346,0_ask
2024-01-04 15:34:53,730,2278.0,0.52367473,0_bid
2024-01-04 15:34:54,1,2278.1,0.37305006,0_ask
2024-01-04 15:34:54,731,2278.0,0.26358311,0_bid
2024-01-04 15:34:55,1,2278.2,0.187,0_ask
2024-01-04 15:34:55,731,2278.0,0.57964553,0_bid
2024-01-04 15:34:56,1,2278.7,7.03320576,0_ask
2024-01-04 15:34:56,734,2278.3,0.24462381,0_bid
2024-01-04 15:34:57,1,2278.1,0.85688242,0_ask
2024-01-04 15:34:57,752,2277.6,5.46212479,0_bid
2024-01-04 15:34:58,1,2277.8,0.6,0_ask
2024-01-04 15:34:58,736,2277.6,4.55996663,0_bid
2024-01-04 15:34:59,1,2277.8,1.1869999999999998,0_ask
2024-01-04 15:34:59,735,2277.6,4.87607423,0_bid
2024-01-04 15:35:00,1,2277.8,4.92082961,0_ask
2024-01-04 15:35:00,734,2277.5,0.3953058,0_bid
2024-01-04 15:35:01,1,2277.4,0.85048378,0_ask
2024-01-04 15:35:01,741,2277.0,2.2941663,0_bid
2024-01-04 15:35:02,1,2277.5,0.90086293,0_ask
2024-01-04 15:35:02,738,2277.1,1.16740184,0_bid
2024-01-04 15:35:03,1,2277.7,0.08272664,0_ask
2024-01-04 15:35:03,737,2277.3,3.30335002,0_bid
2024-01-04 15:35:04,1,2278.2,1.35981736,0_ask
2024-01-04 15:35:04,740,2278.1,0.31604938,0_bid
2024-01-04 15:35:05,1,2278.2,1.125,0_ask
2024-01-04 15:35:05,729,2277.8,0.57943268,0_bid
2024-01-04 15:35:06,1,2278.6,4.357542,0_ask
2024-01-04 15:35:06,719,2278.2,3.08896614,0_bid
2024-01-04 15:35:07,1,2279.0,1.13943854,0_ask
2024-01-04 15:35:07,746,2278.6,0.0006,0_bid
2024-01-04 15:35:08,1,2279.4,2.37893936,0_ask
2024-01-04 15:35:08,727,2279.1,0.26422083,0_bid
2024-01-04 15:35:09,1,2279.2,1.33778,0_ask
2024-01-04 15:35:09,732,2279.1,0.26422083,0_bid
2024-01-04 15:35:10,1,2279.4,2.37893936,0_ask
2024-01-04 15:35:10,718,2279.2,0.0006,0_bid
2024-01-04 15:35:11,1,2279.4,2.16058899,0_ask
2024-01-04 15:35:11,728,2279.2,2.1256,0_bid
2024-01-04 15:35:12,1,2279.3,0.18800306,0_ask
2024-01-04 15:35:12,737,2279.2,0.2646803,0_bid
2024-01-04 15:35:13,1,2279.0,0.587,0_ask
2024-01-04 15:35:13,743,2278.7,10.536,0_bid
2024-01-04 15:35:14,1,2279.0,3.78217,0_ask
2024-01-04 15:35:14,734,2278.9,0.26275784,0_bid
2024-01-04 15:35:15,1,2279.4,2.34483756,0_ask
2024-01-04 15:35:15,726,2279.3,0.10383,0_bid
2024-01-04 15:35:16,1,2280.3,0.1315752,0_ask
2024-01-04 15:35:16,714,2279.8,1.82278967,0_bid
2024-01-04 15:35:17,1,2280.2,1.16595065,0_ask
2024-01-04 15:35:17,729,2279.8,0.26315962,0_bid
2024-01-04 15:35:18,1,2280.5,4.50883214,0_ask
2024-01-04 15:35:18,718,2280.2,4.81725952,0_bid
2024-01-04 15:35:19,0,2280.5,5.87115458,0_ask
2024-01-04 15:35:19,740,2280.4,0.26386093,0_bid
2024-01-04 15:35:20,1,2280.5,3.27928414,0_ask
2024-01-04 15:35:20,710,2280.3,1.21925648,0_bid
2024-01-04 15:35:21,1,2281.1,0.26305232,0_ask
2024-01-04 15:35:21,740,2280.7,6.952692470000001,0_bid
2024-01-04 15:35:22,1,2281.6,2.63114943,0_ask
2024-01-04 15:35:22,751,2281.4,0.26421577,0_bid
2024-01-04 15:35:23,1,2281.6,2.23114943,0_ask
2024-01-04 15:35:23,730,2281.4,0.25942923,0_bid
2024-01-04 15:35:24,1,2281.4,0.71561331,0_ask
2024-01-04 15:35:24,744,2281.1,1.76715972,0_bid
2024-01-04 15:35:25,1,2281.3,0.90262942,0_ask
2024-01-04 15:35:25,743,2281.0,1.30418981,0_bid
2024-01-04 15:35:26,1,2281.0,6.502,0_ask
2024-01-04 15:35:26,750,2280.9,0.50220864,0_bid
2024-01-04 15:35:27,1,2280.5,0.66313308,0_ask
2024-01-04 15:35:27,758,2279.9,2.24459198,0_bid
2024-01-04 15:35:28,1,2279.8,0.4,0_ask
2024-01-04 15:35:28,755,2279.6,0.780604,0_bid
2024-01-04 15:35:29,1,2279.6,15.18485933,0_ask
2024-01-04 15:35:29,754,2279.5,0.26231074,0_bid
2024-01-04 15:35:30,1,2279.6,19.34927152,0_ask
2024-01-04 15:35:30,745,2279.5,7.4e-07,0_bid
2024-01-04 15:35:31,1,2279.6,9.88036037,0_ask
2024-01-04 15:35:31,741,2279.5,7.4e-07,0_bid
2024-01-04 15:35:32,1,2279.9,0.31582763,0_ask
2024-01-04 15:35:32,742,2279.6,0.885,0_bid
2024-01-04 15:35:33,1,2279.6,4.09865849,0_ask
2024-01-04 15:35:33,745,2279.5,0.00333484,0_bid
2024-01-04 15:35:34,1,2279.7,2.02812815,0_ask
2024-01-04 15:35:34,741,2279.1,0.5,0_bid
2024-01-04 15:35:35,1,2279.5,1.97100486,0_ask
2024-01-04 15:35:35,748,2278.9,8.81298818,0_bid
2024-01-04 15:35:36,1,2279.8,4.79480274,0_ask
2024-01-04 15:35:36,740,2279.4,0.45817023,0_bid
2024-01-04 15:35:37,1,2279.7,0.84518731,0_ask
2024-01-04 15:35:37,740,2279.4,1.91497878,0_bid
2024-01-04 15:35:38,0,2279.8,1.13551721,0_ask
2024-01-04 15:35:38,736,2279.5,0.2934424,0_bid
2024-01-04 15:35:39,1,2280.0,1.18575973,0_ask
2024-01-04 15:35:39,734,2279.7,0.45849868,0_bid
2024-01-04 15:35:40,1,2279.9,2.16830448,0_ask
2024-01-04 15:35:40,740,2279.5,0.8684885600000001,0_bid
2024-01-04 15:35:41,1,2279.9,6.14597776,0_ask
2024-01-04 15:35:41,744,2279.8,0.26439202,0_bid
2024-01-04 15:35:42,1,2280.2,0.77961135,0_ask
2024-01-04 15:35:42,754,2279.8,2.89802562,0_bid
2024-01-04 15:35:43,1,2280.5,28.23033371,0_ask
2024-01-04 15:35:43,737,2280.1,0.31575479,0_bid
2024-01-04 15:35:44,1,2280.7,0.2637866,0_ask
2024-01-04 15:35:44,732,2280.6,4.32558544,0_bid
2024-01-04 15:35:45,1,2281.0,0.001,0_ask
2024-01-04 15:35:45,732,2280.9,2.60791353,0_bid
2024-01-04 15:35:46,1,2281.0,0.001,0_ask
2024-01-04 15:35:46,735,2280.9,2.92355309,0_bid
2024-01-04 15:35:47,1,2281.4,2.18460777,0_ask
2024-01-04 15:35:47,733,2281.0,1.12646051,0_bid
2024-01-04 15:35:48,1,2280.7,1.91393204,0_ask
2024-01-04 15:35:48,736,2280.3,0.71970282,0_bid
2024-01-04 15:35:49,1,2280.2,2.16861061,0_ask
2024-01-04 15:35:49,756,2279.7,0.5542068200000001,0_bid
2024-01-04 15:35:50,1,2279.8,1.29517389,0_ask
2024-01-04 15:35:50,765,2279.1,0.5,0_bid
2024-01-04 15:35:51,0,2279.3,0.2931977,0_ask
2024-01-04 15:35:51,749,2279.0,0.99004709,0_bid
2024-01-04 15:35:52,1,2279.1,0.9058415,0_ask
2024-01-04 15:35:52,746,2278.7,1.60663803,0_bid
2024-01-04 15:35:53,1,2279.3,8.65729,0_ask
2024-01-04 15:35:53,740,2279.1,0.26414704,0_bid
2024-01-04 15:35:54,1,2279.5,0.51272124,0_ask
2024-01-04 15:35:54,742,2279.2,0.2938023,0_bid
2024-01-04 15:35:55,0,2279.5,0.29668003,0_ask
2024-01-04 15:35:55,740,2279.3,0.2938023,0_bid
2024-01-04 15:35:56,1,2279.3,1.33778,0_ask
2024-01-04 15:35:56,725,2279.2,0.06271,0_bid
2024-01-04 15:35:57,1,2280.1,4.26835057,0_ask
2024-01-04 15:35:57,723,2279.7,0.587,0_bid
2024-01-04 15:35:58,1,2280.5,1.40432347,0_ask
2024-01-04 15:35:58,733,2280.2,0.4513997,0_bid
2024-01-04 15:35:59,1,2280.5,2.57e-06,0_ask
2024-01-04 15:35:59,736,2280.3,0.67923423,0_bid
2024-01-04 15:36:00,1,2280.8,0.53155603,0_ask
2024-01-04 15:36:00,735,2280.4,0.26387718,0_bid
2024-01-04 15:36:01,1,2280.8,1.12331447,0_ask
2024-01-04 15:36:01,737,2280.4,3.01231725,0_bid
2024-01-04 15:36:02,1,2281.1,1.25059077,0_ask
2024-01-04 15:36:02,736,2280.5,0.4500656,0_bid
2024-01-04 15:36:03,1,2281.0,0.21921126,0_ask
2024-01-04 15:36:03,738,2280.9,0.26325142,0_bid
2024-01-04 15:36:04,1,2280.8,0.93493027,0_ask
2024-01-04 15:36:04,717,2280.6,0.26263975,0_bid
2024-01-04 15:36:05,1,2280.5,8.82366042,0_ask
2024-01-04 15:36:05,734,2280.0,1.48011258,0_bid
2024-01-04 15:36:06,1,2280.5,8.629633290000001,0_ask
2024-01-04 15:36:06,740,2280.4,8.95e-06,0_bid
2024-01-04 15:36:07,0,2280.0,2.06591906,0_ask
2024-01-04 15:36:07,744,2279.7,4.24691392,0_bid
2024-01-04 15:36:08,1,2280.0,2.28522774,0_ask
2024-01-04 15:36:08,739,2279.8,0.23391,0_bid
2024-01-04 15:36:09,1,2280.0,2.19552544,0_ask
2024-01-04 15:36:09,750,2279.9,0.26277013,0_bid
2024-01-04 15:36:10,1,2280.5,1.05971928,0_ask
2024-01-04 15:36:10,739,2280.2,2.8893926,0_bid
2024-01-04 15:36:11,1,2280.4,0.92147815,0_ask
2024-01-04 15:36:11,735,2280.1,2.37988537,0_bid
2024-01-04 15:36:12,1,2280.6,0.5,0_ask
2024-01-04 15:36:12,752,2280.1,1.125,0_bid
2024-01-04 15:36:13,1,2280.7,0.87544814,0_ask
2024-01-04 15:36:13,741,2280.4,1.01234,0_bid
2024-01-04 15:36:14,1,2280.8,0.8081605199999999,0_ask
2024-01-04 15:36:14,731,2280.5,0.26342211,0_bid
2024-01-04 15:36:15,1,2280.9,2.22372963,0_ask
2024-01-04 15:36:15,734,2280.5,0.87575055,0_bid
2024-01-04 15:36:16,0,2280.8,0.38,0_ask
2024-01-04 15:36:16,712,2280.5,0.88554994,0_bid
2024-01-04 15:36:17,1,2281.2,3.94140538,0_ask
2024-01-04 15:36:17,719,2280.8,2.54006221,0_bid
2024-01-04 15:36:18,1,2281.7,0.96635103,0_ask
2024-01-04 15:36:18,736,2281.4,0.45009287,0_bid
2024-01-04 15:36:19,1,2281.7,1.0732331,0_ask
2024-01-04 15:36:19,710,2281.6,0.26303731,0_bid
2024-01-04 15:36:20,1,2281.7,4.85343005,0_ask
2024-01-04 15:36:20,717,2281.6,0.21046532,0_bid
2024-01-04 15:36:21,1,2281.6,0.99217393,0_ask
2024-01-04 15:36:21,723,2281.2,1.32252908,0_bid
2024-01-04 15:36:22,1,2281.7,0.70698404,0_ask
2024-01-04 15:36:22,726,2281.5,0.44938332,0_bid
2024-01-04 15:36:23,1,2281.9,0.61211538,0_ask
2024-01-04 15:36:23,727,2281.6,0.50255008,0_bid
2024-01-04 15:36:24,1,2281.8,6.17665228,0_ask
2024-01-04 15:36:24,728,2281.7,0.26239304,0_bid
2024-01-04 15:36:25,1,2282.1,0.37249062,0_ask
2024-01-04 15:36:25,728,2281.7,0.87337868,0_bid
2024-01-04 15:36:26,1,2282.1,1.4354277,0_ask
2024-01-04 15:36:26,729,2281.8,1.61813377,0_bid
2024-01-04 15:36:27,1,2282.1,6.37242295,0_ask
2024-01-04 15:36:27,749,2282.0,0.26213187,0_bid
2024-01-04 15:36:28,1,2281.9,1.1904338799999998,0_ask
2024-01-04 15:36:28,757,2281.6,0.187,0_bid
2024-01-04 15:36:29,1,2282.1,4.2942276,0_ask
2024-01-04 15:36:29,741,2281.8,0.44872216,0_bid
2024-01-04 15:36:30,1,2281.9,6.312,0_ask
2024-01-04 15:36:30,744,2281.8,0.26172216,0_bid
2024-01-04 15:36:31,1,2281.9,7.15328524,0_ask
2024-01-04 15:36:31,751,2281.8,0.26172216,0_bid
2024-01-04 15:36:32,1,2281.7,2.00186755,0_ask
2024-01-04 15:36:32,758,2281.3,0.10957712,0_bid
2024-01-04 15:36:33,1,2281.8,0.19149739,0_ask
2024-01-04 15:36:33,765,2281.6,0.587,0_bid
2024-01-04 15:36:34,0,2282.0,0.31554468,0_ask
2024-01-04 15:36:34,759,2281.6,0.28037321,0_bid
2024-01-04 15:36:36,0,2282.5,2.63,0_ask
2024-01-04 15:36:36,772,2281.6,8.038432219999999,0_bid
2024-01-04 15:36:37,1,2282.9,0.31548713,0_ask
2024-01-04 15:36:37,757,2282.8,1.1214151,0_bid
2024-01-04 15:36:38,1,2282.9,0.31548713,0_ask
2024-01-04 15:36:38,734,2282.8,0.45045165,0_bid
2024-01-04 15:36:39,1,2283.5,6.5749148,0_ask
2024-01-04 15:36:39,738,2283.1,0.6964916299999999,0_bid
2024-01-04 15:36:40,1,2283.4,9.274112,0_ask
2024-01-04 15:36:40,753,2283.0,1.82348245,0_bid
2024-01-04 15:36:41,1,2283.4,0.034,0_ask
2024-01-04 15:36:41,757,2283.1,0.21898504,0_bid
2024-01-04 15:36:42,1,2283.1,3.96819891,0_ask
2024-01-04 15:36:42,760,2282.6,1.06885558,0_bid
2024-01-04 15:36:43,1,2283.0,0.76951721,0_ask
2024-01-04 15:36:43,767,2282.6,1.10734614,0_bid
2024-01-04 15:36:44,1,2283.0,7.32127721,0_ask
2024-01-04 15:36:44,762,2282.9,0.26152473,0_bid
2024-01-04 15:36:45,1,2282.7,8.47029,0_ask
2024-01-04 15:36:45,773,2282.6,0.69220056,0_bid
2024-01-04 15:36:46,1,2281.8,0.67129602,0_ask
2024-01-04 15:36:46,805,2281.4,3.45991117,0_bid
2024-01-04 15:36:47,1,2281.9,1.125,0_ask
2024-01-04 15:36:47,789,2281.5,0.73,0_bid
2024-01-04 15:36:48,1,2281.8,1.7572229200000002,0_ask
2024-01-04 15:36:48,774,2281.5,0.25309675,0_bid
2024-01-04 15:36:49,1,2281.7,0.5,0_ask
2024-01-04 15:36:49,774,2281.5,0.25309675,0_bid
2024-01-04 15:36:50,1,2281.9,10.55317964,0_ask
2024-01-04 15:36:50,774,2281.5,1.02476543,0_bid
2024-01-04 15:36:51,1,2281.6,3.34072907,0_ask
2024-01-04 15:36:51,765,2281.5,0.25309675,0_bid
2024-01-04 15:36:52,1,2281.2,3.85921538,0_ask
2024-01-04 15:36:52,769,2281.0,1.90726734,0_bid
2024-01-04 15:36:53,1,2281.5,2.74840747,0_ask
2024-01-04 15:36:53,757,2281.2,0.77302553,0_bid
2024-01-04 15:36:54,0,2281.5,5.14397213,0_ask
2024-01-04 15:36:54,757,2281.4,0.26264022,0_bid
2024-01-04 15:36:55,0,2281.5,0.73642874,0_ask
2024-01-04 15:36:55,747,2281.4,0.30371022,0_bid
2024-01-04 15:36:56,0,2281.5,0.73642874,0_ask
2024-01-04 15:36:56,757,2281.4,0.49071022,0_bid
2024-01-04 15:36:57,0,2281.5,8.74e-06,0_ask
2024-01-04 15:36:57,757,2281.4,1.18167328,0_bid
2024-01-04 15:36:58,1,2282.2,1.8655593,0_ask
2024-01-04 15:36:58,752,2281.9,0.21836,0_bid
2024-01-04 15:36:59,1,2282.7,0.001,0_ask
2024-01-04 15:36:59,757,2282.3,0.587,0_bid
2024-01-04 15:37:00,1,2282.5,3.39026,0_ask
2024-01-04 15:37:00,727,2282.4,0.26202087,0_bid
2024-01-04 15:37:01,1,2282.2,3.74092918,0_ask
2024-01-04 15:37:01,735,2281.9,0.33932629,0_bid
2024-01-04 15:37:02,1,2282.7,0.42498442,0_ask
2024-01-04 15:37:02,733,2282.2,3.2022519,0_bid
2024-01-04 15:37:03,1,2282.7,0.10952558,0_ask
2024-01-04 15:37:03,733,2282.5,0.2627495,0_bid
2024-01-04 15:37:04,1,2283.1,3.1962272,0_ask
2024-01-04 15:37:04,743,2282.7,0.4,0_bid
2024-01-04 15:37:05,1,2283.1,1.55305642,0_ask
2024-01-04 15:37:05,759,2283.0,0.26291915,0_bid
2024-01-04 15:37:06,1,2283.5,4.44580511,0_ask
2024-01-04 15:37:06,757,2283.1,0.69230788,0_bid
2024-01-04 15:37:07,1,2283.5,2.18622361,0_ask
2024-01-04 15:37:07,748,2283.2,0.10948631,0_bid
2024-01-04 15:37:08,1,2283.1,8.689302640000001,0_ask
2024-01-04 15:37:08,766,2283.0,0.26329878,0_bid
2024-01-04 15:37:09,1,2282.9,1.10951924,0_ask
2024-01-04 15:37:09,758,2282.5,0.93887125,0_bid
2024-01-04 15:37:10,1,2283.0,1.28263993,0_ask
2024-01-04 15:37:10,769,2282.8,0.45054171,0_bid
2024-01-04 15:37:11,1,2283.2,3.68784144,0_ask
2024-01-04 15:37:11,764,2282.8,1.33381932,0_bid
2024-01-04 15:37:12,1,2283.0,3.9728128,0_ask
2024-01-04 15:37:12,784,2282.8,0.26354171,0_bid
2024-01-04 15:37:13,1,2283.0,2.55363221,0_ask
2024-01-04 15:37:13,778,2282.8,0.26354171,0_bid
2024-01-04 15:37:14,1,2283.1,0.58252105,0_ask
2024-01-04 15:37:14,777,2282.8,0.26354171,0_bid
2024-01-04 15:37:15,1,2283.1,1.58121007,0_ask
2024-01-04 15:37:15,764,2282.8,0.93382263,0_bid
2024-01-04 15:37:16,1,2283.3,5.76927085,0_ask
2024-01-04 15:37:16,762,2282.9,0.53887125,0_bid
2024-01-04 15:37:17,1,2283.0,0.15764087,0_ask
2024-01-04 15:37:17,763,2282.6,0.5,0_bid
2024-01-04 15:37:18,1,2283.0,0.23782904,0_ask
2024-01-04 15:37:18,765,2282.8,0.26365235,0_bid
2024-01-04 15:37:19,1,2282.9,8.1893178,0_ask
2024-01-04 15:37:19,775,2282.8,0.19795221,0_bid
2024-01-04 15:37:20,1,2282.9,14.43728056,0_ask
2024-01-04 15:37:20,773,2282.8,2.21e-06,0_bid
2024-01-04 15:37:21,1,2282.9,3.96245826,0_ask
2024-01-04 15:37:21,774,2282.8,2.21e-06,0_bid
2024-01-04 15:37:22,1,2282.9,3.55609084,0_ask
2024-01-04 15:37:22,777,2282.8,0.58700221,0_bid
2024-01-04 15:37:23,1,2283.2,0.26713441,0_ask
2024-01-04 15:37:23,774,2283.1,0.0006,0_bid
2024-01-04 15:37:24,0,2282.8,0.4,0_ask
2024-01-04 15:37:24,775,2282.5,0.1947,0_bid
2024-01-04 15:37:25,1,2282.8,9.00476585,0_ask
2024-01-04 15:37:25,781,2282.5,0.0077,0_bid
2024-01-04 15:37:26,1,2282.3,8.77920846,0_ask
2024-01-04 15:37:26,779,2282.0,0.38387498,0_bid
2024-01-04 15:37:27,1,2283.1,0.76384593,0_ask
2024-01-04 15:37:27,767,2283.0,2.56458,0_bid
2024-01-04 15:37:28,1,2283.3,5.26368,0_ask
2024-01-04 15:37:28,740,2283.2,0.26171522,0_bid
2024-01-04 15:37:29,1,2283.1,2.5011,0_ask
2024-01-04 15:37:29,762,2282.6,3.29505971,0_bid
2024-01-04 15:37:30,1,2283.1,1.2498443,0_ask
2024-01-04 15:37:30,737,2282.6,1.39200008,0_bid
2024-01-04 15:37:31,1,2283.1,0.84978822,0_ask
2024-01-04 15:37:31,736,2282.8,0.44864262,0_bid
2024-01-04 15:37:32,1,2282.5,10.2202867,0_ask
2024-01-04 15:37:32,782,2282.4,0.0871432,0_bid
2024-01-04 15:37:33,1,2282.5,9.5421929,0_ask
2024-01-04 15:37:33,771,2282.4,0.0871432,0_bid
2024-01-04 15:37:34,1,2282.7,1.17800685,0_ask
2024-01-04 15:37:34,780,2282.4,0.3755256099999999,0_bid
2024-01-04 15:37:35,1,2282.7,0.9982618,0_ask
2024-01-04 15:37:35,769,2282.4,2.52490613,0_bid
2024-01-04 15:37:36,1,2283.2,2.34804992,0_ask
2024-01-04 15:37:36,765,2282.8,0.39788941,0_bid
2024-01-04 15:37:37,1,2283.4,0.40811018,0_ask
2024-01-04 15:37:37,760,2283.1,0.10708241,0_bid
2024-01-04 15:37:38,1,2283.3,0.76697174,0_ask
2024-01-04 15:37:38,757,2283.1,0.1927,0_bid
2024-01-04 15:37:39,1,2283.1,0.55796385,0_ask
2024-01-04 15:37:39,759,2282.6,0.5095117100000001,0_bid
2024-01-04 15:37:40,1,2283.1,7.80027227,0_ask
2024-01-04 15:37:40,763,2283.0,0.26264033,0_bid
2024-01-04 15:37:41,1,2282.8,0.29545,0_ask
2024-01-04 15:37:41,767,2282.4,0.69652568,0_bid
2024-01-04 15:37:42,1,2282.8,8.10565643,0_ask
2024-01-04 15:37:42,768,2282.7,0.2623173,0_bid
2024-01-04 15:37:43,1,2282.9,1.25292805,0_ask
2024-01-04 15:37:43,768,2282.7,0.4493173,0_bid
2024-01-04 15:37:44,1,2283.0,7.147156069999999,0_ask
2024-01-04 15:37:44,764,2282.7,0.2623173,0_bid
2024-01-04 15:37:45,1,2282.5,12.11905164,0_ask
2024-01-04 15:37:45,778,2282.2,10.702,0_bid
2024-01-04 15:37:46,0,2282.4,9.12329,0_ask
2024-01-04 15:37:46,774,2282.3,0.26184972,0_bid
2024-01-04 15:37:47,1,2282.2,0.31549474,0_ask
2024-01-04 15:37:47,777,2282.1,2.084,0_bid
2024-01-04 15:37:48,1,2281.9,1.75300003,0_ask
2024-01-04 15:37:48,774,2281.8,0.68397658,0_bid
2024-01-04 15:37:49,1,2281.9,9.72098228,0_ask
2024-01-04 15:37:49,774,2281.8,0.68397658,0_bid
2024-01-04 15:37:50,1,2281.6,0.63807991,0_ask
2024-01-04 15:37:50,771,2281.2,1.35410697,0_bid
2024-01-04 15:37:51,1,2281.2,0.00585989,0_ask
2024-01-04 15:37:51,762,2281.1,2.37886729,0_bid
2024-01-04 15:37:52,1,2281.2,3.3170835,0_ask
2024-01-04 15:37:52,761,2281.1,2.19186729,0_bid
2024-01-04 15:37:53,1,2281.2,3.33427376,0_ask
2024-01-04 15:37:53,761,2281.1,0.26219892,0_bid
2024-01-04 15:37:54,1,2281.2,1.7914835,0_ask
2024-01-04 15:37:54,770,2281.1,2.07995175,0_bid
2024-01-04 15:37:55,1,2282.2,3.99091465,0_ask
2024-01-04 15:37:55,764,2281.8,0.26339713,0_bid
2024-01-04 15:37:56,1,2281.9,7.57665428,0_ask
2024-01-04 15:37:56,763,2281.8,0.26339713,0_bid
2024-01-04 15:37:57,1,2282.1,2.1920835,0_ask
2024-01-04 15:37:57,753,2281.9,1.7551566900000002,0_bid
2024-01-04 15:37:58,1,2282.2,1.12053104,0_ask
2024-01-04 15:37:58,760,2281.7,5.25046065,0_bid
2024-01-04 15:37:59,1,2282.5,1.12045605,0_ask
2024-01-04 15:37:59,752,2282.1,2.62537449,0_bid
2024-01-04 15:38:00,1,2282.2,6.92822357,0_ask
2024-01-04 15:38:00,755,2281.8,1.17,0_bid
2024-01-04 15:38:01,1,2282.4,2.1920835,0_ask
2024-01-04 15:38:01,764,2282.1,2.8484056900000003,0_bid
2024-01-04 15:38:02,1,2282.2,3.36758015,0_ask
2024-01-04 15:38:02,768,2282.1,3.55e-06,0_bid
2024-01-04 15:38:03,1,2282.1,2.38372492,0_ask
2024-01-04 15:38:03,751,2281.5,17.87868968,0_bid
2024-01-04 15:38:04,1,2282.4,2.1920835,0_ask
2024-01-04 15:38:04,745,2282.3,0.26201198,0_bid
2024-01-04 15:38:05,1,2282.4,2.14375051,0_ask
2024-01-04 15:38:05,734,2282.3,0.85941198,0_bid
2024-01-04 15:38:06,1,2282.3,0.29545,0_ask
2024-01-04 15:38:06,760,2281.9,4.04510084,0_bid
2024-01-04 15:38:07,1,2282.3,9.70436836,0_ask
2024-01-04 15:38:07,773,2282.2,0.26319991,0_bid
2024-01-04 15:38:08,1,2281.9,14.99300996,0_ask
2024-01-04 15:38:08,765,2281.5,14.16239841,0_bid
2024-01-04 15:38:09,0,2281.4,0.4,0_ask
2024-01-04 15:38:09,804,2281.1,1.80135283,0_bid
2024-01-04 15:38:10,1,2281.0,0.81656911,0_ask
2024-01-04 15:38:10,770,2280.6,3.16577615,0_bid
2024-01-04 15:38:11,1,2281.2,5.45762286,0_ask
2024-01-04 15:38:11,766,2280.7,1.20078262,0_bid
2024-01-04 15:38:12,1,2281.1,4.34288847,0_ask
2024-01-04 15:38:12,760,2281.0,0.26265635,0_bid
2024-01-04 15:38:13,1,2281.1,4.79582601,0_ask
2024-01-04 15:38:13,766,2280.6,1.1218545,0_bid
2024-01-04 15:38:14,1,2281.0,0.50422741,0_ask
2024-01-04 15:38:14,767,2280.8,0.45084154,0_bid
2024-01-04 15:38:15,1,2281.2,0.26304194,0_ask
2024-01-04 15:38:15,768,2281.0,1.33778,0_bid
2024-01-04 15:38:16,1,2280.9,4.83823415,0_ask
2024-01-04 15:38:16,775,2280.8,0.26384154,0_bid
2024-01-04 15:38:17,1,2281.1,0.6317618,0_ask
2024-01-04 15:38:17,775,2280.8,1.38026431,0_bid
2024-01-04 15:38:18,1,2280.8,1.3188902100000002,0_ask
2024-01-04 15:38:18,763,2280.4,3.71729026,0_bid
2024-01-04 15:38:19,1,2280.8,2.47198,0_ask
2024-01-04 15:38:19,765,2280.7,0.28005944,0_bid
2024-01-04 15:38:20,1,2280.5,12.4783591,0_ask
2024-01-04 15:38:20,779,2280.4,0.77134112,0_bid
2024-01-04 15:38:21,1,2280.5,5.44781652,0_ask
2024-01-04 15:38:21,770,2280.3,0.26316669,0_bid
2024-01-04 15:38:22,1,2280.2,0.23927035,0_ask
2024-01-04 15:38:22,773,2279.8,7.25613384,0_bid
2024-01-04 15:38:23,1,2280.1,2.99e-06,0_ask
2024-01-04 15:38:23,747,2280.0,3.57167653,0_bid
2024-01-04 15:38:24,1,2280.6,15.30423709,0_ask
2024-01-04 15:38:24,746,2280.3,0.61084023,0_bid
2024-01-04 15:38:25,0,2281.4,0.39997035,0_ask
2024-01-04 15:38:25,763,2281.3,0.0006,0_bid
2024-01-04 15:38:26,1,2281.9,0.67044875,0_ask
2024-01-04 15:38:26,761,2281.8,0.1876,0_bid
2024-01-04 15:38:27,1,2282.0,2.06283942,0_ask
2024-01-04 15:38:27,753,2281.9,0.0006,0_bid
2024-01-04 15:38:28,1,2282.0,8.97607187,0_ask
2024-01-04 15:38:28,764,2281.9,0.0006,0_bid
2024-01-04 15:38:29,1,2281.7,2.3670357500000003,0_ask
2024-01-04 15:38:29,757,2281.4,0.03350666,0_bid
2024-01-04 15:38:30,1,2281.5,1.9541569,0_ask
2024-01-04 15:38:30,761,2281.2,0.69203509,0_bid
2024-01-04 15:38:31,1,2281.6,1.17682761,0_ask
2024-01-04 15:38:31,747,2281.4,3.1294217,0_bid
2024-01-04 15:38:32,1,2282.0,3.42111415,0_ask
2024-01-04 15:38:32,758,2281.7,0.23921797,0_bid
2024-01-04 15:38:33,1,2282.0,2.07728139,0_ask
2024-01-04 15:38:33,753,2281.7,0.1867666,0_bid
2024-01-04 15:38:34,1,2282.0,1.23440503,0_ask
2024-01-04 15:38:34,753,2281.9,1.81317,0_bid
2024-01-04 15:38:35,1,2281.9,5.307333659999999,0_ask
2024-01-04 15:38:35,751,2281.5,3.58524255,0_bid
2024-01-04 15:38:36,1,2281.6,4.82761134,0_ask
2024-01-04 15:38:36,762,2281.1,0.18018152,0_bid
2024-01-04 15:38:37,1,2281.8,2.05925892,0_ask
2024-01-04 15:38:37,749,2281.5,2.62657881,0_bid
2024-01-04 15:38:38,1,2281.9,8.3313528,0_ask
2024-01-04 15:38:38,757,2281.6,1.57667047,0_bid
2024-01-04 15:38:39,1,2282.4,0.5,0_ask
2024-01-04 15:38:39,765,2282.2,0.19015546,0_bid
2024-01-04 15:38:40,1,2282.2,0.44317,0_ask
2024-01-04 15:38:40,768,2281.8,5.93819671,0_bid
2024-01-04 15:38:41,1,2282.0,0.53147458,0_ask
2024-01-04 15:38:41,767,2281.6,2.14572497,0_bid
2024-01-04 15:38:42,1,2282.4,0.8042189499999999,0_ask
2024-01-04 15:38:42,767,2282.1,1.38445991,0_bid
2024-01-04 15:38:43,1,2283.3,0.7538685599999999,0_ask
2024-01-04 15:38:43,777,2283.0,0.5817475599999999,0_bid
2024-01-04 15:38:44,1,2283.8,3.64858791,0_ask
2024-01-04 15:38:44,766,2283.7,2.3263,0_bid
2024-01-04 15:38:45,1,2283.9,15.93384433,0_ask
2024-01-04 15:38:45,784,2283.4,0.86394277,0_bid
2024-01-04 15:38:46,1,2283.5,0.44317,0_ask
2024-01-04 15:38:46,770,2283.4,0.20100277,0_bid
2024-01-04 15:38:47,1,2283.3,0.65910979,0_ask
2024-01-04 15:38:47,786,2283.0,0.00337268,0_bid
2024-01-04 15:38:48,1,2283.3,7.40322167,0_ask
2024-01-04 15:38:48,768,2283.2,0.0006,0_bid
2024-01-04 15:38:49,1,2282.7,0.39510403,0_ask
2024-01-04 15:38:49,769,2282.4,0.71843138,0_bid
2024-01-04 15:38:50,1,2282.7,6.01074403,0_ask
2024-01-04 15:38:50,771,2282.6,0.26158046,0_bid
2024-01-04 15:38:51,1,2282.5,0.82199923,0_ask
2024-01-04 15:38:51,781,2282.2,0.8598349299999999,0_bid
2024-01-04 15:38:52,1,2282.5,4.26293602,0_ask
2024-01-04 15:38:52,778,2282.2,0.3733785,0_bid
2024-01-04 15:38:53,1,2282.6,0.71750669,0_ask
2024-01-04 15:38:53,774,2282.4,0.44863249,0_bid
2024-01-04 15:38:54,1,2282.5,9.24371904,0_ask
2024-01-04 15:38:54,773,2282.4,0.26163249,0_bid
2024-01-04 15:38:55,1,2282.2,0.27342904,0_ask
2024-01-04 15:38:55,779,2282.0,0.31845672,0_bid
2024-01-04 15:38:56,1,2282.5,0.27342904,0_ask
2024-01-04 15:38:56,785,2282.1,0.89797764,0_bid
2024-01-04 15:38:57,1,2282.5,0.53144376,0_ask
2024-01-04 15:38:57,772,2282.1,0.8979716,0_bid
2024-01-04 15:38:58,1,2282.6,3.4460265800000003,0_ask
2024-01-04 15:38:58,766,2282.3,0.44988031,0_bid
2024-01-04 15:38:59,1,2282.3,0.31455213,0_ask
2024-01-04 15:38:59,780,2282.1,0.947,0_bid
2024-01-04 15:39:00,1,2282.4,2.38008166,0_ask
2024-01-04 15:39:00,758,2282.2,0.45004577,0_bid
2024-01-04 15:39:01,1,2282.4,2.32216453,0_ask
2024-01-04 15:39:01,759,2282.2,0.26304577,0_bid
2024-01-04 15:39:02,1,2282.4,2.19069279,0_ask
2024-01-04 15:39:02,765,2282.2,0.7129364499999999,0_bid
2024-01-04 15:39:03,1,2282.3,4.29312452,0_ask
2024-01-04 15:39:03,771,2282.0,3.3780604700000003,0_bid
2024-01-04 15:39:04,1,2282.3,2.67241165,0_ask
2024-01-04 15:39:04,762,2282.1,0.80999511,0_bid
2024-01-04 15:39:05,1,2281.5,2.76719416,0_ask
2024-01-04 15:39:05,782,2281.1,0.54708975,0_bid
2024-01-04 15:39:06,1,2281.8,0.76776997,0_ask
2024-01-04 15:39:06,760,2281.4,1.78743715,0_bid
2024-01-04 15:39:07,1,2281.9,1.87914614,0_ask
2024-01-04 15:39:07,762,2281.7,1.79645336,0_bid
2024-01-04 15:39:08,1,2281.9,2.72676649,0_ask
2024-01-04 15:39:08,766,2281.5,0.67565086,0_bid
2024-01-04 15:39:09,1,2282.0,7.82482297,0_ask
2024-01-04 15:39:09,758,2281.7,0.98646799,0_bid
2024-01-04 15:39:10,1,2282.3,3.14617842,0_ask
2024-01-04 15:39:10,757,2282.1,0.40608888,0_bid
2024-01-04 15:39:11,1,2282.3,5.95804667,0_ask
2024-01-04 15:39:11,752,2281.9,1.33137909,0_bid
2024-01-04 15:39:12,1,2282.3,2.95834335,0_ask
2024-01-04 15:39:12,743,2282.1,0.82799603,0_bid
2024-01-04 15:39:13,1,2282.1,1.98700001,0_ask
2024-01-04 15:39:13,764,2281.9,0.26236333,0_bid
2024-01-04 15:39:14,1,2282.2,3.84073047,0_ask
2024-01-04 15:39:14,769,2281.9,0.26236333,0_bid
2024-01-04 15:39:15,1,2281.8,0.44996539,0_ask
2024-01-04 15:39:15,752,2281.5,0.487,0_bid
2024-01-04 15:39:16,1,2281.8,0.44707522,0_ask
2024-01-04 15:39:16,761,2281.4,0.587,0_bid
2024-01-04 15:39:17,1,2282.3,2.50841923,0_ask
2024-01-04 15:39:17,763,2282.0,0.4,0_bid
2024-01-04 15:39:18,1,2282.3,5.23919918,0_ask
2024-01-04 15:39:18,737,2282.1,0.26379865,0_bid
2024-01-04 15:39:19,1,2282.3,8.03886911,0_ask
2024-01-04 15:39:19,742,2281.9,1.42160577,0_bid
2024-01-04 15:39:20,1,2282.3,5.92170403,0_ask
2024-01-04 15:39:20,747,2282.1,0.26162247,0_bid
2024-01-04 15:39:21,1,2282.3,2.90211969,0_ask
2024-01-04 15:39:21,768,2282.1,0.34703836,0_bid
2024-01-04 15:39:22,1,2282.3,2.18996165,0_ask
2024-01-04 15:39:22,753,2282.2,0.77102563,0_bid
2024-01-04 15:39:23,1,2282.6,2.92214543,0_ask
2024-01-04 15:39:23,761,2282.5,1.15078,0_bid
2024-01-04 15:39:24,1,2282.5,13.12750882,0_ask
2024-01-04 15:39:24,769,2281.9,4.14367388,0_bid
2024-01-04 15:39:25,0,2282.5,0.017,0_ask
2024-01-04 15:39:25,759,2282.3,0.66842992,0_bid
2024-01-04 15:39:26,0,2282.5,1.01317891,0_ask
2024-01-04 15:39:26,756,2282.3,0.39380333,0_bid
2024-01-04 15:39:27,1,2282.6,6.8649493900000005,0_ask
2024-01-04 15:39:27,758,2282.5,1.33778,0_bid
2024-01-04 15:39:28,0,2282.5,2.40735908,0_ask
2024-01-04 15:39:28,749,2282.3,0.78812158,0_bid
2024-01-04 15:39:29,0,2282.5,1.51527814,0_ask
2024-01-04 15:39:29,746,2282.4,0.587,0_bid
2024-01-04 15:39:30,1,2282.4,0.47694988000000005,0_ask
2024-01-04 15:39:30,763,2282.0,0.53457091,0_bid
2024-01-04 15:39:31,1,2282.2,6.582634949999999,0_ask
2024-01-04 15:39:31,769,2281.8,3.61561005,0_bid
2024-01-04 15:39:32,1,2282.3,0.5324049,0_ask
2024-01-04 15:39:32,766,2282.1,2.1668220600000003,0_bid
2024-01-04 15:39:33,1,2282.2,0.44694649000000003,0_ask
2024-01-04 15:39:33,762,2282.1,0.26207579,0_bid
2024-01-04 15:39:34,1,2282.3,0.07886954,0_ask
2024-01-04 15:39:34,764,2282.1,0.26207579,0_bid
2024-01-04 15:39:35,1,2282.3,3.59670109,0_ask
2024-01-04 15:39:35,762,2282.1,0.26207579,0_bid
2024-01-04 15:39:36,1,2282.3,3.48628218,0_ask
2024-01-04 15:39:36,767,2282.1,0.26207579,0_bid
2024-01-04 15:39:37,1,2282.2,9.75278245,0_ask
2024-01-04 15:39:37,768,2282.1,0.26207579,0_bid
2024-01-04 15:39:38,1,2282.4,6.59428635,0_ask
2024-01-04 15:39:38,762,2281.9,3.8863111399999997,0_bid
2024-01-04 15:39:39,1,2282.4,4.78325837,0_ask
2024-01-04 15:39:39,764,2282.1,0.26390133,0_bid
2024-01-04 15:39:40,1,2282.5,1.86248314,0_ask
2024-01-04 15:39:40,765,2282.2,1.3318455200000001,0_bid
2024-01-04 15:39:41,1,2282.9,3.0882105099999997,0_ask
2024-01-04 15:39:41,754,2282.8,1.15078,0_bid
2024-01-04 15:39:42,1,2282.4,2.00035445,0_ask
2024-01-04 15:39:42,759,2282.3,0.26226624,0_bid
2024-01-04 15:39:43,1,2282.4,8.161223289999999,0_ask
2024-01-04 15:39:43,759,2282.3,0.11637358,0_bid
2024-01-04 15:39:44,1,2282.4,0.98197011,0_ask
2024-01-04 15:39:44,766,2282.3,3.58e-06,0_bid
2024-01-04 15:39:45,1,2282.5,0.9960690799999999,0_ask
2024-01-04 15:39:45,759,2282.3,0.18700358,0_bid
2024-01-04 15:39:46,1,2282.4,3.20368183,0_ask
2024-01-04 15:39:46,767,2282.1,3.57769442,0_bid
2024-01-04 15:39:47,1,2282.4,10.700419279999998,0_ask
2024-01-04 15:39:47,760,2282.3,0.26342026,0_bid
2024-01-04 15:39:48,1,2282.4,10.91776938,0_ask
2024-01-04 15:39:48,768,2282.3,0.26342026,0_bid
2024-01-04 15:39:49,1,2282.7,1.23886184,0_ask
2024-01-04 15:39:49,760,2282.4,0.6157057,0_bid
2024-01-04 15:39:50,1,2282.7,3.0038442,0_ask
2024-01-04 15:39:50,756,2282.5,0.11208253,0_bid
2024-01-04 15:39:51,1,2282.5,0.2842943,0_ask
2024-01-04 15:39:51,774,2282.4,0.00333409,0_bid
2024-01-04 15:39:52,1,2282.5,1.36392625,0_ask
2024-01-04 15:39:52,774,2282.4,0.26495523,0_bid
2024-01-04 15:39:53,1,2282.4,1.21582759,0_ask
2024-01-04 15:39:53,767,2282.2,0.50869885,0_bid
2024-01-04 15:39:54,1,2282.4,3.755,0_ask
2024-01-04 15:39:54,769,2282.3,0.26236781,0_bid
2024-01-04 15:39:55,1,2282.5,1.58275655,0_ask
2024-01-04 15:39:55,766,2282.3,0.58080782,0_bid
2024-01-04 15:39:56,1,2282.5,1.4513168200000002,0_ask
2024-01-04 15:39:56,768,2282.3,0.83274629,0_bid
2024-01-04 15:39:57,1,2282.4,0.00076968,0_ask
2024-01-04 15:39:57,769,2282.3,2.68367897,0_bid
2024-01-04 15:39:58,1,2282.6,0.26502483,0_ask
2024-01-04 15:39:58,764,2282.3,2.4351923200000005,0_bid
2024-01-04 15:39:59,1,2282.7,5.42380655,0_ask
2024-01-04 15:39:59,766,2282.5,0.12290857,0_bid
2024-01-04 15:40:00,1,2282.6,0.31544743,0_ask
2024-01-04 15:40:00,770,2282.5,0.01227601,0_bid
2024-01-04 15:40:01,1,2282.1,0.48481488,0_ask
2024-01-04 15:40:01,769,2281.8,2.9652373999999995,0_bid
2024-01-04 15:40:02,1,2282.2,0.69288217,0_ask
2024-01-04 15:40:02,769,2282.0,0.26304056,0_bid
2024-01-04 15:40:03,1,2282.2,0.19129734,0_ask
2024-01-04 15:40:03,754,2282.0,0.26304056,0_bid
2024-01-04 15:40:04,1,2282.1,9.41975486,0_ask
2024-01-04 15:40:04,766,2282.0,0.26304056,0_bid
2024-01-04 15:40:05,1,2281.7,8.47029,0_ask
2024-01-04 15:40:05,767,2281.6,0.26366653,0_bid
2024-01-04 15:40:06,1,2281.7,4.5516793,0_ask
2024-01-04 15:40:06,752,2281.6,0.26366653,0_bid
2024-01-04 15:40:07,1,2281.6,0.8758689,0_ask
2024-01-04 15:40:07,759,2281.3,1.1595390700000001,0_bid
2024-01-04 15:40:08,1,2281.6,1.5791998600000001,0_ask
2024-01-04 15:40:08,761,2281.5,0.26288509,0_bid
2024-01-04 15:40:09,1,2281.5,2.08696713,0_ask
2024-01-04 15:40:09,775,2281.1,0.29658556,0_bid
2024-01-04 15:40:10,1,2281.1,4.63420015,0_ask
2024-01-04 15:40:10,767,2280.8,4.25218939,0_bid
2024-01-04 15:40:11,1,2281.2,0.52343095,0_ask
2024-01-04 15:40:11,761,2281.0,0.4505813,0_bid
2024-01-04 15:40:12,1,2281.2,2.06145119,0_ask
2024-01-04 15:40:12,759,2281.0,0.2635813,0_bid
2024-01-04 15:40:13,1,2281.8,3.70847508,0_ask
2024-01-04 15:40:13,768,2281.7,0.26293216,0_bid
2024-01-04 15:40:14,1,2281.7,2.09423228,0_ask
2024-01-04 15:40:14,760,2281.5,0.2618626,0_bid
2024-01-04 15:40:15,1,2281.6,4.14832671,0_ask
2024-01-04 15:40:15,760,2281.1,4.92119775,0_bid
2024-01-04 15:40:16,1,2281.5,3.67860858,0_ask
2024-01-04 15:40:16,765,2281.4,0.26399867,0_bid
2024-01-04 15:40:17,1,2281.3,8.32118615,0_ask
2024-01-04 15:40:17,757,2281.2,0.26282214,0_bid
2024-01-04 15:40:18,1,2281.0,1.01453148,0_ask
2024-01-04 15:40:18,766,2280.7,0.26272184,0_bid
2024-01-04 15:40:19,1,2281.1,1.66746415,0_ask
2024-01-04 15:40:19,759,2280.9,3.08070362,0_bid
2024-01-04 15:40:20,1,2281.1,2.9048206000000003,0_ask
2024-01-04 15:40:20,759,2281.0,0.26371125,0_bid
2024-01-04 15:40:21,1,2280.9,4.87754472,0_ask
2024-01-04 15:40:21,766,2280.7,0.14125002,0_bid
2024-01-04 15:40:22,1,2280.7,12.526183320000001,0_ask
2024-01-04 15:40:22,769,2280.5,1.36428999,0_bid
2024-01-04 15:40:23,1,2280.7,2.64422825,0_ask
2024-01-04 15:40:23,765,2280.6,0.26352943,0_bid
2024-01-04 15:40:24,1,2280.6,8.97389,0_ask
2024-01-04 15:40:24,763,2280.5,0.26239993,0_bid
2024-01-04 15:40:25,1,2280.6,5.10255032,0_ask
2024-01-04 15:40:25,764,2280.5,9.93e-06,0_bid
2024-01-04 15:40:26,1,2280.6,1.14672632,0_ask
2024-01-04 15:40:26,755,2280.4,0.22525614,0_bid
2024-01-04 15:40:27,1,2280.6,0.31855215,0_ask
2024-01-04 15:40:27,763,2280.4,0.41225614,0_bid
2024-01-04 15:40:28,1,2280.7,0.83278921,0_ask
2024-01-04 15:40:28,763,2280.4,4.5298399499999995,0_bid
2024-01-04 15:40:29,1,2280.8,2.41886868,0_ask
2024-01-04 15:40:29,763,2280.4,0.41225614,0_bid
2024-01-04 15:40:30,1,2280.6,0.72198059,0_ask
2024-01-04 15:40:30,754,2280.3,4.07355241,0_bid
2024-01-04 15:40:31,1,2280.7,1.33443858,0_ask
2024-01-04 15:40:31,751,2280.4,6.12448107,0_bid
2024-01-04 15:40:32,1,2281.0,3.5072370999999998,0_ask
2024-01-04 15:40:32,752,2280.6,2.2469191,0_bid
2024-01-04 15:40:33,1,2280.9,2.76602976,0_ask
2024-01-04 15:40:33,749,2280.6,1.9925080300000002,0_bid
2024-01-04 15:40:34,1,2280.7,3.41120018,0_ask
2024-01-04 15:40:34,757,2280.6,0.26247011,0_bid
2024-01-04 15:40:35,1,2280.7,4.42136047,0_ask
2024-01-04 15:40:35,761,2280.5,0.26335446,0_bid
2024-01-04 15:40:36,1,2281.0,2.28996165,0_ask
2024-01-04 15:40:36,756,2280.9,2.37909295,0_bid
2024-01-04 15:40:37,1,2281.0,3.41542404,0_ask
2024-01-04 15:40:37,745,2280.8,2.3791811,0_bid
2024-01-04 15:40:38,1,2280.9,0.8500667399999999,0_ask
2024-01-04 15:40:38,751,2280.6,4.88408339,0_bid
2024-01-04 15:40:39,1,2280.6,0.71855096,0_ask
2024-01-04 15:40:39,754,2280.3,3.73327537,0_bid
2024-01-04 15:40:40,1,2280.6,4.20191983,0_ask
2024-01-04 15:40:40,750,2280.3,4.15298426,0_bid
2024-01-04 15:40:41,1,2280.4,3.40724429,0_ask
2024-01-04 15:40:41,765,2280.1,0.50698477,0_bid
2024-01-04 15:40:42,1,2280.4,2.1725116,0_ask
2024-01-04 15:40:42,759,2280.1,0.9378451400000001,0_bid
2024-01-04 15:40:43,1,2280.5,3.1471595600000004,0_ask
2024-01-04 15:40:43,750,2280.3,0.10963155,0_bid
2024-01-04 15:40:44,1,2280.3,0.19429575,0_ask
2024-01-04 15:40:44,758,2280.0,11.829799269999999,0_bid
2024-01-04 15:40:45,1,2280.2,8.47029,0_ask
2024-01-04 15:40:45,771,2280.0,0.20892819,0_bid
2024-01-04 15:40:46,1,2279.9,15.11146561,0_ask
2024-01-04 15:40:46,743,2279.8,0.26332134,0_bid
2024-01-04 15:40:47,1,2279.8,0.78256932,0_ask
2024-01-04 15:40:47,747,2279.7,0.26280589,0_bid
2024-01-04 15:40:48,1,2279.8,1.33969945,0_ask
2024-01-04 15:40:48,753,2279.4,1.75823975,0_bid
2024-01-04 15:40:49,1,2279.6,2.60471487,0_ask
2024-01-04 15:40:49,766,2279.2,1.4135431999999999,0_bid
2024-01-04 15:40:50,1,2279.5,6.675641649999999,0_ask
2024-01-04 15:40:50,747,2279.1,1.47778008,0_bid
2024-01-04 15:40:51,1,2279.4,1.85331596,0_ask
2024-01-04 15:40:51,742,2279.1,1.14155437,0_bid
2024-01-04 15:40:52,1,2279.4,2.51162433,0_ask
2024-01-04 15:40:52,740,2279.1,1.30993286,0_bid
2024-01-04 15:40:53,1,2279.4,3.16878389,0_ask
2024-01-04 15:40:53,741,2279.1,0.9002461500000001,0_bid
2024-01-04 15:40:54,1,2279.1,1.08185667,0_ask
2024-01-04 15:40:54,747,2278.8,3.45268626,0_bid
2024-01-04 15:40:55,1,2279.2,7.784420279999999,0_ask
2024-01-04 15:40:55,749,2279.0,2.3809341099999997,0_bid
2024-01-04 15:40:56,1,2279.1,0.5767907299999999,0_ask
2024-01-04 15:40:56,749,2278.9,2.19395323,0_bid
2024-01-04 15:40:57,1,2278.6,4.55378073,0_ask
2024-01-04 15:40:57,749,2278.5,1.45057064,0_bid
2024-01-04 15:40:58,1,2278.7,0.38979073,0_ask
2024-01-04 15:40:58,744,2278.5,2.64575998,0_bid
2024-01-04 15:40:59,1,2278.7,3.1145760399999998,0_ask
2024-01-04 15:40:59,741,2278.5,0.45138006,0_bid
2024-01-04 15:41:00,1,2278.7,2.19171542,0_ask
2024-01-04 15:41:00,735,2278.5,0.26438006,0_bid
2024-01-04 15:41:01,1,2278.8,2.96556614,0_ask
2024-01-04 15:41:01,742,2278.6,6.41160721,0_bid
2024-01-04 15:41:02,1,2278.7,1.33627261,0_ask
2024-01-04 15:41:02,745,2278.6,0.26288706,0_bid
2024-01-04 15:41:03,1,2278.7,2.0485790500000003,0_ask
2024-01-04 15:41:03,745,2278.6,0.26288706,0_bid
2024-01-04 15:41:04,1,2279.0,0.55849745,0_ask
2024-01-04 15:41:04,738,2278.7,11.05922865,0_bid
2024-01-04 15:41:05,1,2279.2,2.79131589,0_ask
2024-01-04 15:41:05,734,2278.9,3.01267253,0_bid
2024-01-04 15:41:06,1,2279.2,3.1180570000000003,0_ask
2024-01-04 15:41:06,737,2279.0,0.687,0_bid
2024-01-04 15:41:07,1,2279.7,7.10736382,0_ask
2024-01-04 15:41:07,730,2279.4,1.312,0_bid
2024-01-04 15:41:08,1,2279.9,0.78768242,0_ask
2024-01-04 15:41:08,729,2279.6,1.79035379,0_bid
2024-01-04 15:41:09,1,2279.9,2.76158905,0_ask
2024-01-04 15:41:09,729,2279.8,0.22790239,0_bid
2024-01-04 15:41:10,1,2279.9,5.66936005,0_ask
2024-01-04 15:41:10,703,2279.5,4.79952082,0_bid
2024-01-04 15:41:11,0,2280.0,0.5,0_ask
2024-01-04 15:41:11,699,2279.8,4.0066878,0_bid
2024-01-04 15:41:12,1,2280.4,0.26224244,0_ask
2024-01-04 15:41:12,713,2280.2,0.60963013,0_bid
2024-01-04 15:41:13,1,2280.8,0.31570241,0_ask
2024-01-04 15:41:13,728,2280.5,0.29661763,0_bid
2024-01-04 15:41:14,1,2281.0,0.20961242000000002,0_ask
2024-01-04 15:41:14,732,2280.6,1.38291974,0_bid
2024-01-04 15:41:15,1,2280.9,0.63574863,0_ask
2024-01-04 15:41:15,713,2280.6,3.7441562399999997,0_bid
2024-01-04 15:41:16,1,2280.4,0.26312962,0_ask
2024-01-04 15:41:16,743,2280.2,0.56055976,0_bid
2024-01-04 15:41:17,1,2280.3,9.7851515,0_ask
2024-01-04 15:41:17,755,2279.9,2.31258218,0_bid
2024-01-04 15:41:18,1,2280.1,1.8036175,0_ask
2024-01-04 15:41:18,735,2279.9,0.19489939,0_bid
2024-01-04 15:41:19,1,2280.0,10.00831142,0_ask
2024-01-04 15:41:19,748,2279.9,0.00789939,0_bid
2024-01-04 15:41:20,1,2279.7,0.187,0_ask
2024-01-04 15:41:20,736,2279.5,1.35592633,0_bid
2024-01-04 15:41:21,1,2279.6,0.77112147,0_ask
2024-01-04 15:41:21,738,2279.5,0.00124684,0_bid
2024-01-04 15:41:22,1,2279.9,1.62161211,0_ask
2024-01-04 15:41:22,729,2279.6,0.13159482,0_bid
2024-01-04 15:41:23,1,2280.0,3.63537,0_ask
2024-01-04 15:41:23,724,2279.8,0.44958409,0_bid
2024-01-04 15:41:24,1,2279.9,4.37608852,0_ask
2024-01-04 15:41:24,720,2279.8,0.26258409,0_bid
2024-01-04 15:41:25,1,2279.9,4.2444991199999995,0_ask
2024-01-04 15:41:25,724,2279.8,0.26258409,0_bid
2024-01-04 15:41:26,1,2280.0,2.8640472399999997,0_ask
2024-01-04 15:41:26,729,2279.8,0.15258409,0_bid
2024-01-04 15:41:27,1,2280.2,0.13157491,0_ask
2024-01-04 15:41:27,728,2279.9,3.9199952199999997,0_bid
2024-01-04 15:41:28,1,2280.3,1.06897536,0_ask
2024-01-04 15:41:28,724,2280.1,0.52509994,0_bid
2024-01-04 15:41:29,1,2280.4,6.702785489999999,0_ask
2024-01-04 15:41:29,734,2280.1,0.5250976199999999,0_bid
2024-01-04 15:41:30,1,2280.3,1.14398138,0_ask
2024-01-04 15:41:30,740,2279.9,15.371119409999999,0_bid
2024-01-04 15:41:31,1,2280.2,1.67302284,0_ask
2024-01-04 15:41:31,740,2279.9,7.1330560599999995,0_bid
2024-01-04 15:41:32,1,2280.2,0.187,0_ask
2024-01-04 15:41:32,741,2280.0,0.44982165,0_bid
2024-01-04 15:41:33,1,2280.3,3.86292732,0_ask
2024-01-04 15:41:33,737,2280.0,0.44982165,0_bid
2024-01-04 15:41:34,1,2280.2,0.5477573,0_ask
2024-01-04 15:41:34,740,2279.9,8.78822466,0_bid
2024-01-04 15:41:35,1,2280.0,0.26826,0_ask
2024-01-04 15:41:35,758,2279.9,0.88009214,0_bid
2024-01-04 15:41:36,1,2279.9,0.10965797,0_ask
2024-01-04 15:41:36,748,2279.7,1.164429,0_bid
2024-01-04 15:41:37,0,2279.9,0.10966036,0_ask
2024-01-04 15:41:37,745,2279.6,2.0231544599999998,0_bid
2024-01-04 15:41:38,1,2280.1,3.67679454,0_ask
2024-01-04 15:41:38,734,2279.8,0.52545891,0_bid
2024-01-04 15:41:39,1,2280.3,2.99697676,0_ask
2024-01-04 15:41:39,747,2280.0,4.12135243,0_bid
2024-01-04 15:41:40,1,2280.3,10.12400048,0_ask
2024-01-04 15:41:40,736,2280.2,0.2633015,0_bid
2024-01-04 15:41:41,1,2280.3,8.466463959999999,0_ask
2024-01-04 15:41:41,738,2280.2,0.20449812,0_bid
2024-01-04 15:41:42,1,2279.9,8.146971950000001,0_ask
2024-01-04 15:41:42,742,2279.5,3.05950776,0_bid
2024-01-04 15:41:43,1,2279.9,17.12723675,0_ask
2024-01-04 15:41:43,756,2279.8,0.26757536,0_bid
2024-01-04 15:41:44,1,2279.2,3.1682711599999998,0_ask
2024-01-04 15:41:44,764,2278.8,0.6675753600000001,0_bid
2024-01-04 15:41:45,1,2278.9,5.48055413,0_ask
2024-01-04 15:41:45,747,2278.8,0.26349353,0_bid
2024-01-04 15:41:46,1,2278.9,0.59933537,0_ask
2024-01-04 15:41:46,728,2278.7,0.44754809,0_bid
2024-01-04 15:41:47,1,2279.3,1.49501447,0_ask
2024-01-04 15:41:47,726,2279.0,0.93801548,0_bid
2024-01-04 15:41:48,1,2279.5,1.88563297,0_ask
2024-01-04 15:41:48,727,2279.3,0.587,0_bid
2024-01-04 15:41:49,1,2279.6,2.7497827900000003,0_ask
2024-01-04 15:41:49,724,2279.3,0.13161531,0_bid
2024-01-04 15:41:50,1,2279.4,1.1768276,0_ask
2024-01-04 15:41:50,724,2279.1,0.25722115,0_bid
2024-01-04 15:41:51,1,2279.2,5.99260014,0_ask
2024-01-04 15:41:51,725,2279.1,0.25722115,0_bid
2024-01-04 15:41:52,1,2279.1,1.33787224,0_ask
2024-01-04 15:41:52,726,2279.0,0.26268974,0_bid
2024-01-04 15:41:53,1,2279.9,2.43585172,0_ask
2024-01-04 15:41:53,746,2279.5,0.65809562,0_bid
2024-01-04 15:41:54,1,2280.0,12.85661988,0_ask
2024-01-04 15:41:54,720,2279.8,0.42824086,0_bid
2024-01-04 15:41:55,1,2280.0,10.531,0_ask
2024-01-04 15:41:55,722,2279.9,0.25995745,0_bid
2024-01-04 15:41:56,1,2280.0,11.44013973,0_ask
2024-01-04 15:41:56,721,2279.9,0.25995745,0_bid
2024-01-04 15:41:57,1,2280.0,26.7213462,0_ask
2024-01-04 15:41:57,740,2279.9,0.25995745,0_bid
2024-01-04 15:41:58,1,2280.0,27.3609951,0_ask
2024-01-04 15:41:58,736,2279.9,0.25995745,0_bid
2024-01-04 15:41:59,1,2277.0,1.23647328,0_ask
2024-01-04 15:41:59,821,2276.3,2.55897847,0_bid
2024-01-04 15:42:00,1,2276.3,0.61905181,0_ask
2024-01-04 15:42:00,804,2276.1,1.125,0_bid
2024-01-04 15:42:01,0,2275.9,0.4,0_ask
2024-01-04 15:42:01,743,2275.6,2.60443228,0_bid
2024-01-04 15:42:02,1,2276.3,3.1732042499999995,0_ask
2024-01-04 15:42:02,718,2276.0,0.13180411,0_bid
2024-01-04 15:42:03,1,2276.0,0.004,0_ask
2024-01-04 15:42:03,734,2275.9,2.52298194,0_bid
2024-01-04 15:42:04,1,2276.0,0.7707945,0_ask
2024-01-04 15:42:04,731,2275.5,3.19305212,0_bid
2024-01-04 15:42:05,1,2275.4,0.9577635,0_ask
2024-01-04 15:42:05,737,2275.0,0.18765913,0_bid
2024-01-04 15:42:06,1,2275.3,0.92251721,0_ask
2024-01-04 15:42:06,717,2275.0,2.24867624,0_bid
2024-01-04 15:42:07,1,2275.4,2.0885070900000002,0_ask
2024-01-04 15:42:07,726,2275.1,0.40987916999999996,0_bid
2024-01-04 15:42:08,1,2275.2,0.3282,0_ask
2024-01-04 15:42:08,726,2275.0,0.26826,0_bid
2024-01-04 15:42:09,1,2275.3,0.54713545,0_ask
2024-01-04 15:42:09,726,2275.0,0.25880000000000003,0_bid
2024-01-04 15:42:10,1,2275.4,1.59544949,0_ask
2024-01-04 15:42:10,724,2274.9,3.33001475,0_bid
2024-01-04 15:42:11,1,2275.5,0.70544,0_ask
2024-01-04 15:42:11,724,2275.2,2.38700009,0_bid
2024-01-04 15:42:12,1,2275.4,0.95498504,0_ask
2024-01-04 15:42:12,719,2275.2,0.12218687,0_bid
2024-01-04 15:42:13,1,2275.3,3.45264664,0_ask
2024-01-04 15:42:13,723,2274.9,1.5703218,0_bid
2024-01-04 15:42:14,1,2275.4,1.2526871,0_ask
2024-01-04 15:42:14,725,2274.9,2.39941514,0_bid
2024-01-04 15:42:15,1,2275.4,1.57155996,0_ask
2024-01-04 15:42:15,725,2274.9,2.3994177,0_bid
2024-01-04 15:42:16,1,2275.3,1.59355977,0_ask
2024-01-04 15:42:16,724,2274.9,0.6039550499999999,0_bid
2024-01-04 15:42:17,1,2275.2,1.312,0_ask
2024-01-04 15:42:17,713,2274.9,1.15259994,0_bid
2024-01-04 15:42:18,1,2274.9,3.59173837,0_ask
2024-01-04 15:42:18,721,2274.6,12.96213629,0_bid
2024-01-04 15:42:19,1,2274.6,0.4508022,0_ask
2024-01-04 15:42:19,701,2274.3,0.44822812,0_bid
2024-01-04 15:42:20,0,2274.4,0.187,0_ask
2024-01-04 15:42:20,713,2274.2,0.3700977,0_bid
2024-01-04 15:42:21,1,2274.4,1.37086524,0_ask
2024-01-04 15:42:21,712,2274.1,1.6164059599999998,0_bid
2024-01-04 15:42:22,1,2274.3,0.13191415,0_ask
2024-01-04 15:42:22,714,2274.0,1.28769592,0_bid
2024-01-04 15:42:23,1,2275.0,12.937818530000001,0_ask
2024-01-04 15:42:23,697,2274.8,0.0006,0_bid
2024-01-04 15:42:24,1,2275.8,1.313,0_ask
2024-01-04 15:42:24,685,2275.4,0.96121504,0_bid
2024-01-04 15:42:25,1,2275.7,1.00109655,0_ask
2024-01-04 15:42:25,690,2275.4,0.72556603,0_bid
2024-01-04 15:42:26,1,2275.6,0.8,0_ask
2024-01-04 15:42:26,702,2275.1,0.187,0_bid
2024-01-04 15:42:27,1,2275.6,1.712,0_ask
2024-01-04 15:42:27,697,2275.1,2.89250516,0_bid
2024-01-04 15:42:28,1,2275.5,0.98,0_ask
2024-01-04 15:42:28,690,2275.3,2.15874304,0_bid
2024-01-04 15:42:29,1,2275.5,0.3,0_ask
2024-01-04 15:42:29,687,2275.4,2.10647959,0_bid
2024-01-04 15:42:30,1,2276.0,0.187,0_ask
2024-01-04 15:42:30,708,2275.7,0.9867095,0_bid
2024-01-04 15:42:31,1,2275.7,8.602126290000001,0_ask
2024-01-04 15:42:31,699,2275.4,1.9326736799999997,0_bid
2024-01-04 15:42:32,1,2275.4,2.4648960300000002,0_ask
2024-01-04 15:42:32,698,2275.1,1.78721778,0_bid
2024-01-04 15:42:33,1,2275.2,1.26963697,0_ask
2024-01-04 15:42:33,708,2274.9,1.8325,0_bid
2024-01-04 15:42:34,1,2275.4,4.02759994,0_ask
2024-01-04 15:42:34,707,2275.1,1.3155,0_bid
2024-01-04 15:42:35,1,2275.4,2.7844200299999997,0_ask
2024-01-04 15:42:35,693,2275.2,2.87740003,0_bid
2024-01-04 15:42:36,1,2275.2,2.3846510299999997,0_ask
2024-01-04 15:42:36,706,2275.0,1.9525,0_bid
2024-01-04 15:42:37,1,2275.2,5.39510645,0_ask
2024-01-04 15:42:37,709,2275.0,1.3755,0_bid
2024-01-04 15:42:38,1,2275.4,2.38442828,0_ask
2024-01-04 15:42:38,707,2275.1,1.1141864099999998,0_bid
2024-01-04 15:42:39,1,2275.3,2.3845607,0_ask
2024-01-04 15:42:39,693,2275.2,1.4145,0_bid
2024-01-04 15:42:40,1,2275.2,2.38464288,0_ask
2024-01-04 15:42:40,692,2274.9,2.06471116,0_bid
2024-01-04 15:42:41,1,2275.4,1.0462254500000001,0_ask
2024-01-04 15:42:41,704,2274.8,0.7232578700000001,0_bid
2024-01-04 15:42:42,1,2275.0,3.27659552,0_ask
2024-01-04 15:42:42,711,2274.7,2.75302788,0_bid
2024-01-04 15:42:43,1,2275.2,1.187,0_ask
2024-01-04 15:42:43,697,2274.8,1.84598701,0_bid
2024-01-04 15:42:44,1,2275.1,2.6485265399999998,0_ask
2024-01-04 15:42:44,690,2274.7,2.88682798,0_bid
2024-01-04 15:42:45,1,2274.5,2.1209,0_ask
2024-01-04 15:42:45,726,2273.9,2.82650433,0_bid
2024-01-04 15:42:46,1,2274.2,1.027,0_ask
2024-01-04 15:42:46,711,2273.7,4.20344505,0_bid
2024-01-04 15:42:47,1,2273.9,8.89622338,0_ask
2024-01-04 15:42:47,708,2273.3,0.80691801,0_bid
2024-01-04 15:42:48,1,2273.8,3.50526142,0_ask
2024-01-04 15:42:48,700,2273.3,1.3422134,0_bid
2024-01-04 15:42:49,1,2273.8,4.24642142,0_ask
2024-01-04 15:42:49,694,2273.5,0.587,0_bid
2024-01-04 15:42:50,1,2273.7,0.187,0_ask
2024-01-04 15:42:50,683,2273.4,3.74347704,0_bid
2024-01-04 15:42:51,1,2273.8,4.21531415,0_ask
2024-01-04 15:42:51,693,2273.4,2.3862329,0_bid
2024-01-04 15:42:52,1,2273.6,0.74116,0_ask
2024-01-04 15:42:52,692,2273.4,2.7862329,0_bid
2024-01-04 15:42:53,1,2273.8,2.3802614199999996,0_ask
2024-01-04 15:42:53,699,2273.5,1.5531857599999999,0_bid
2024-01-04 15:42:54,1,2273.8,3.44899792,0_ask
2024-01-04 15:42:54,693,2273.4,5.85754826,0_bid
2024-01-04 15:42:55,1,2273.8,2.19326142,0_ask
2024-01-04 15:42:55,687,2273.6,0.58492649,0_bid
2024-01-04 15:42:56,1,2273.7,0.136,0_ask
2024-01-04 15:42:56,691,2273.5,0.3983019,0_bid
2024-01-04 15:42:57,1,2274.0,1.08953138,0_ask
2024-01-04 15:42:57,701,2273.7,4.4000400299999995,0_bid
2024-01-04 15:42:58,0,2273.8,0.153,0_ask
2024-01-04 15:42:58,693,2273.4,7.9614622299999995,0_bid
2024-01-04 15:42:59,1,2273.7,0.153,0_ask
2024-01-04 15:42:59,695,2273.5,0.26826,0_bid
2024-01-04 15:43:00,1,2273.8,0.85326093,0_ask
2024-01-04 15:43:00,686,2273.5,2.84715609,0_bid
2024-01-04 15:43:01,1,2274.8,2.51455028,0_ask
2024-01-04 15:43:01,681,2274.5,22.75011061,0_bid
2024-01-04 15:43:02,1,2274.9,2.19326142,0_ask
2024-01-04 15:43:02,679,2274.8,8.65729,0_bid
2024-01-04 15:43:03,1,2275.6,0.42732032000000003,0_ask
2024-01-04 15:43:03,687,2275.1,18.38029511,0_bid
2024-01-04 15:43:04,1,2275.9,0.75949883,0_ask
2024-01-04 15:43:04,674,2275.8,3.86525,0_bid
2024-01-04 15:43:05,0,2275.3,0.59100497,0_ask
2024-01-04 15:43:05,701,2275.2,3.84021804,0_bid
2024-01-04 15:43:06,1,2275.8,0.74266212,0_ask
2024-01-04 15:43:06,685,2275.4,6.99912512,0_bid
2024-01-04 15:43:07,1,2275.8,3.6176702699999996,0_ask
2024-01-04 15:43:07,688,2275.2,0.8067339,0_bid
2024-01-04 15:43:08,1,2275.8,3.06324231,0_ask
2024-01-04 15:43:08,690,2275.7,18.27042,0_bid
2024-01-04 15:43:09,1,2275.7,2.5774931199999997,0_ask
2024-01-04 15:43:09,699,2275.2,0.61973998,0_bid
2024-01-04 15:43:10,1,2275.7,0.153,0_ask
2024-01-04 15:43:10,691,2275.4,18.08342,0_bid
2024-01-04 15:43:11,1,2275.8,3.7087470600000003,0_ask
2024-01-04 15:43:11,690,2275.4,2.1910926,0_bid
2024-01-04 15:43:12,1,2275.8,2.8605172100000003,0_ask
2024-01-04 15:43:12,704,2275.7,18.08342,0_bid
2024-01-04 15:43:13,1,2275.3,2.01351721,0_ask
2024-01-04 15:43:13,709,2275.0,0.4,0_bid
2024-01-04 15:43:14,1,2275.3,2.42082002,0_ask
2024-01-04 15:43:14,700,2274.9,0.187,0_bid
2024-01-04 15:43:15,1,2275.3,1.0,0_ask
2024-01-04 15:43:15,698,2275.2,21.786557010000003,0_bid
2024-01-04 15:43:16,1,2275.3,1.0,0_ask
2024-01-04 15:43:16,699,2275.2,18.27042,0_bid
2024-01-04 15:43:17,0,2275.4,0.18897791,0_ask
2024-01-04 15:43:17,703,2275.2,18.458760010000002,0_bid
2024-01-04 15:43:18,1,2275.7,10.3099188,0_ask
2024-01-04 15:43:18,690,2275.6,20.46757512,0_bid
2024-01-04 15:43:19,1,2275.8,1.06498056,0_ask
2024-01-04 15:43:19,698,2275.7,18.27042,0_bid
2024-01-04 15:43:20,1,2276.0,1.7878497899999999,0_ask
2024-01-04 15:43:20,705,2275.6,3.7024482,0_bid
2024-01-04 15:43:21,1,2276.1,11.69636573,0_ask
2024-01-04 15:43:21,707,2276.0,18.08342,0_bid
2024-01-04 15:43:22,1,2276.1,12.28136573,0_ask
2024-01-04 15:43:22,709,2276.0,18.05678604,0_bid
2024-01-04 15:43:23,1,2275.9,8.47029,0_ask
2024-01-04 15:43:23,715,2275.6,2.19715512,0_bid
2024-01-04 15:43:24,1,2276.0,7.60405936,0_ask
2024-01-04 15:43:24,706,2275.6,6.41872896,0_bid
2024-01-04 15:43:25,1,2275.6,1.77510292,0_ask
2024-01-04 15:43:25,713,2275.3,0.587,0_bid
2024-01-04 15:43:26,1,2275.8,1.34877286,0_ask
2024-01-04 15:43:26,714,2275.4,4.500940249999999,0_bid
2024-01-04 15:43:27,1,2275.8,0.9086737,0_ask
2024-01-04 15:43:27,702,2275.5,0.80671526,0_bid
2024-01-04 15:43:28,1,2275.7,0.4,0_ask
2024-01-04 15:43:28,703,2275.3,6.6737796099999995,0_bid
2024-01-04 15:43:29,1,2275.8,2.53527572,0_ask
2024-01-04 15:43:29,703,2275.4,3.79870649,0_bid
2024-01-04 15:43:30,1,2275.8,0.90246286,0_ask
2024-01-04 15:43:30,698,2275.7,0.35622804,0_bid
2024-01-04 15:43:31,1,2275.8,1.03904927,0_ask
2024-01-04 15:43:31,699,2275.6,0.35622803999999997,0_bid
2024-01-04 15:43:32,1,2276.0,1.90826541,0_ask
2024-01-04 15:43:32,704,2275.7,0.57592736,0_bid
2024-01-04 15:43:33,1,2276.1,4.22766214,0_ask
2024-01-04 15:43:33,704,2275.8,0.35622804,0_bid
2024-01-04 15:43:34,1,2276.0,0.7129541399999999,0_ask
2024-01-04 15:43:34,706,2275.6,4.591953279999999,0_bid
2024-01-04 15:43:35,1,2276.4,2.49639329,0_ask
2024-01-04 15:43:35,705,2275.9,0.57589181,0_bid
2024-01-04 15:43:36,1,2276.8,0.0006591,0_ask
2024-01-04 15:43:36,690,2276.4,1.1848480000000001,0_bid
2024-01-04 15:43:37,1,2276.6,0.58453082,0_ask
2024-01-04 15:43:37,698,2276.2,0.88430268,0_bid
2024-01-04 15:43:38,1,2277.0,2.13698225,0_ask
2024-01-04 15:43:38,699,2276.6,0.80565671,0_bid
2024-01-04 15:43:39,1,2277.0,2.26874794,0_ask
2024-01-04 15:43:39,702,2276.6,0.93742196,0_bid
2024-01-04 15:43:40,1,2276.8,1.24905366,0_ask
2024-01-04 15:43:40,706,2276.3,0.83196411,0_bid
2024-01-04 15:43:41,1,2276.8,0.3800171,0_ask
2024-01-04 15:43:41,700,2276.4,2.68028538,0_bid
2024-01-04 15:43:42,1,2276.8,0.66429045,0_ask
2024-01-04 15:43:42,698,2276.4,0.05081172,0_bid
2024-01-04 15:43:43,1,2276.9,1.36806264,0_ask
2024-01-04 15:43:43,710,2276.5,0.56059178,0_bid
2024-01-04 15:43:44,1,2277.0,7.77892127,0_ask
2024-01-04 15:43:44,701,2276.7,5.82698322,0_bid
2024-01-04 15:43:45,1,2277.0,9.64e-06,0_ask
2024-01-04 15:43:45,692,2276.9,0.24433833,0_bid
2024-01-04 15:43:46,1,2277.5,2.0902209899999997,0_ask
2024-01-04 15:43:46,705,2277.1,0.8766820500000001,0_bid
2024-01-04 15:43:47,1,2277.5,0.31686279,0_ask
2024-01-04 15:43:47,702,2277.3,0.26366783,0_bid
2024-01-04 15:43:48,1,2277.4,4.26585,0_ask
2024-01-04 15:43:48,707,2277.3,0.26366783,0_bid
2024-01-04 15:43:49,1,2277.4,6.59953602,0_ask
2024-01-04 15:43:49,707,2277.0,0.71618477,0_bid
2024-01-04 15:43:50,1,2277.6,8.19138693,0_ask
2024-01-04 15:43:50,709,2277.3,0.1882338,0_bid
2024-01-04 15:43:51,1,2277.6,5.3518075,0_ask
2024-01-04 15:43:51,701,2277.2,0.79817458,0_bid
2024-01-04 15:43:52,1,2277.6,7.54331167,0_ask
2024-01-04 15:43:52,699,2277.3,0.8065448,0_bid
2024-01-04 15:43:53,1,2277.6,3.9309234199999996,0_ask
2024-01-04 15:43:53,695,2277.3,1.06999956,0_bid
2024-01-04 15:43:54,1,2277.6,3.5484698999999997,0_ask
2024-01-04 15:43:54,702,2277.3,1.08274598,0_bid
2024-01-04 15:43:55,1,2277.6,5.93307407,0_ask
2024-01-04 15:43:55,695,2277.3,1.01549985,0_bid
2024-01-04 15:43:56,1,2277.4,5.65484435,0_ask
2024-01-04 15:43:56,695,2277.3,0.1317283,0_bid
2024-01-04 15:43:57,1,2277.3,5.943953209999999,0_ask
2024-01-04 15:43:57,688,2277.2,0.26310489,0_bid
2024-01-04 15:43:58,1,2276.9,4.14219,0_ask
2024-01-04 15:43:58,729,2276.5,3.13216892,0_bid
2024-01-04 15:43:59,1,2276.8,4.14219,0_ask
2024-01-04 15:43:59,726,2276.7,0.26278458,0_bid
2024-01-04 15:44:00,1,2276.6,9.07029,0_ask
2024-01-04 15:44:00,705,2276.4,3.57818132,0_bid
2024-01-04 15:44:01,1,2276.6,2.142,0_ask
2024-01-04 15:44:01,713,2276.4,2.93039615,0_bid
2024-01-04 15:44:02,1,2276.5,6.73616,0_ask
2024-01-04 15:44:02,705,2276.4,2.93039615,0_bid
2024-01-04 15:44:03,1,2276.4,7.55423803,0_ask
2024-01-04 15:44:03,735,2276.1,0.187,0_bid
2024-01-04 15:44:04,1,2275.9,4.76660118,0_ask
2024-01-04 15:44:04,741,2275.4,1.41755202,0_bid
2024-01-04 15:44:05,1,2275.2,8.68217924,0_ask
2024-01-04 15:44:05,710,2275.1,0.001,0_bid
2024-01-04 15:44:06,1,2275.2,14.01414253,0_ask
2024-01-04 15:44:06,702,2275.1,0.001,0_bid
2024-01-04 15:44:07,1,2275.2,13.33682688,0_ask
2024-01-04 15:44:07,702,2275.1,0.001,0_bid
2024-01-04 15:44:08,1,2274.9,4.391136090000001,0_ask
2024-01-04 15:44:08,705,2274.7,0.26251168,0_bid
2024-01-04 15:44:09,1,2274.8,14.051492979999999,0_ask
2024-01-04 15:44:09,704,2274.5,0.58030936,0_bid
2024-01-04 15:44:10,1,2274.8,13.2514899,0_ask
2024-01-04 15:44:10,704,2274.5,0.26493779,0_bid
2024-01-04 15:44:11,1,2274.5,7.85056,0_ask
2024-01-04 15:44:11,716,2274.4,0.76032088,0_bid
2024-01-04 15:44:12,1,2274.6,1.31379864,0_ask
2024-01-04 15:44:12,703,2274.4,1.20989435,0_bid
2024-01-04 15:44:13,1,2274.9,2.89783711,0_ask
2024-01-04 15:44:13,694,2274.5,2.5194095499999998,0_bid
2024-01-04 15:44:14,1,2275.1,0.41851847,0_ask
2024-01-04 15:44:14,691,2274.8,0.68933044,0_bid
2024-01-04 15:44:15,1,2275.2,4.57843764,0_ask
2024-01-04 15:44:15,692,2274.9,0.56052668,0_bid
2024-01-04 15:44:16,1,2275.2,5.2920001,0_ask
2024-01-04 15:44:16,701,2275.0,0.26404705,0_bid
2024-01-04 15:44:17,1,2275.1,5.21115,0_ask
2024-01-04 15:44:17,700,2275.0,0.00404705,0_bid
2024-01-04 15:44:18,1,2274.8,2.82775529,0_ask
2024-01-04 15:44:18,717,2274.5,2.9171515799999996,0_bid
2024-01-04 15:44:19,1,2274.8,0.102,0_ask
2024-01-04 15:44:19,705,2274.6,0.58437196,0_bid
2024-01-04 15:44:20,1,2275.0,3.5265229700000003,0_ask
2024-01-04 15:44:20,707,2274.7,0.587,0_bid
2024-01-04 15:44:21,1,2275.0,10.472326500000001,0_ask
2024-01-04 15:44:21,705,2274.6,0.19063,0_bid
2024-01-04 15:44:22,1,2275.0,7.06980667,0_ask
2024-01-04 15:44:22,698,2274.7,2.04100058,0_bid
2024-01-04 15:44:23,1,2275.1,2.702,0_ask
2024-01-04 15:44:23,707,2274.9,0.45116112,0_bid
2024-01-04 15:44:24,1,2275.2,10.96173757,0_ask
2024-01-04 15:44:24,722,2275.0,4.103414900000001,0_bid
2024-01-04 15:44:25,1,2275.6,2.02061598,0_ask
2024-01-04 15:44:25,693,2275.2,2.09784822,0_bid
2024-01-04 15:44:26,1,2275.6,2.51935016,0_ask
2024-01-04 15:44:26,698,2275.2,6.16161576,0_bid
2024-01-04 15:44:27,1,2275.6,2.4911765399999997,0_ask
2024-01-04 15:44:27,699,2275.4,0.45099489,0_bid
2024-01-04 15:44:28,1,2275.9,0.89419531,0_ask
2024-01-04 15:44:28,684,2275.5,2.63896027,0_bid
